Timestamp,In The Lead,Vote Margin,Votes Remaining (est.),Change,State,Leader Batch Breakdown,Trailer Batch Breakdown,Trailer Batch Trend,Trailer Hurdle,Type,index,Batch Votes Winner,Batch Votes Loser,Accum. Votes Winner,Accum. Votes Loser
2020-11-11 03:23:42 UTC,Trump,590686,13386,0,Alabama,,,44.9,2287.6,removed-zero-batch,,,,,
2020-12-02 19:04:28 UTC,Trump,36173,31816,0,Alaska,,,49.4,109.5,removed-zero-batch,,,,,
2020-12-02 17:18:21 UTC,Trump,36173,31816,0,Alaska,,,49.4,109.5,removed-zero-batch,,,,,
2020-12-02 16:33:22 UTC,Trump,36173,31816,0,Alaska,,,49.4,109.5,removed-zero-batch,,,,,
2020-12-01 18:45:19 UTC,Trump,36494,34120,0,Alaska,,,48.8,105.9,removed-zero-batch,,,,,
2020-11-24 13:22:21 UTC,Trump,35906,34550,0,Alaska,,,49.0,104.4,removed-zero-batch,,,,,
2020-11-18 17:25:33 UTC,Trump,35507,41873,0,Alaska,,,51.4,94.3,removed-zero-batch,,,,,
2020-11-13 14:17:31 UTC,Trump,35163,66152,0,Alaska,,,63.2,77.8,removed-zero-batch,,,,,
2020-11-11 22:51:34 UTC,Trump,46544,130363,0,Alaska,,,54.4,68.7,removed-zero-batch,,,,,
2020-11-11 02:59:01 UTC,Trump,47767,151112,0,Alaska,,,57.2,66.5,removed-zero-batch,,,,,
2020-11-30 19:11:18 UTC,Trump,336715,Unknown,0,Arkansas,,,44.7,,removed-zero-batch,,,,,
2020-11-24 13:30:24 UTC,Trump,336134,1328,0,Arkansas,,,44.4,13074.1,removed-zero-batch,,,,,
2020-11-14 16:39:04 UTC,Trump,338925,7276,0,Arkansas,,,34.4,2446.9,removed-zero-batch,,,,,
2020-11-11 03:23:42 UTC,Trump,339001,9697,0,Arkansas,,,32.2,1848.9,removed-zero-batch,,,,,
2020-12-05 21:12:18 UTC,Biden,5103803,Unknown,0,California,,,48.3,,removed-zero-batch,,,,,
2020-12-02 08:43:27 UTC,Biden,5102257,34518,0,California,,,45.5,7604.9,removed-zero-batch,,,,,
2020-12-02 05:44:27 UTC,Biden,5102257,34518,0,California,,,45.5,7604.9,removed-zero-batch,,,,,
2020-12-02 02:44:21 UTC,Biden,5102257,34518,0,California,,,45.5,7604.9,removed-zero-batch,,,,,
2020-12-02 00:43:30 UTC,Biden,5102257,34518,0,California,,,45.5,7604.9,removed-zero-batch,,,,,
2020-11-24 13:22:21 UTC,Biden,5085071,140581,0,California,,,50.1,1898.8,removed-zero-batch,,,,,
2020-11-24 05:44:16 UTC,Biden,5085171,165892,0,California,,,44.9,1616.7,removed-zero-batch,,,,,
2020-11-24 02:47:15 UTC,Biden,5085171,165892,0,California,,,44.9,1616.7,removed-zero-batch,,,,,
2020-11-23 23:46:29 UTC,Biden,5085171,165892,0,California,,,44.9,1616.7,removed-zero-batch,,,,,
2020-11-23 20:43:15 UTC,Biden,5085171,165892,0,California,,,44.9,1616.7,removed-zero-batch,,,,,
2020-11-18 02:45:25 UTC,Biden,5059003,349424,0,California,,,47.5,790.0,removed-zero-batch,,,,,
2020-11-17 01:20:33 UTC,Biden,5025923,586747,0,California,,,25.6,487.8,removed-zero-batch,,,,,
2020-11-16 23:37:14 UTC,Biden,5025923,586747,0,California,,,25.6,487.8,removed-zero-batch,,,,,
2020-11-14 16:39:04 UTC,Biden,5006839,673763,0,California,,,41.4,429.8,removed-zero-batch,,,,,
2020-11-14 02:43:45 UTC,Biden,4921826,1187493,0,California,,,48.1,261.8,removed-zero-batch,,,,,
2020-11-13 23:38:25 UTC,Biden,4921826,1187493,0,California,,,48.1,261.8,removed-zero-batch,,,,,
2020-11-13 23:11:42 UTC,Biden,4921826,1187493,0,California,,,48.1,261.8,removed-zero-batch,,,,,
2020-11-13 20:43:56 UTC,Biden,4921826,1187493,0,California,,,48.1,261.8,removed-zero-batch,,,,,
2020-11-13 02:44:09 UTC,Biden,4921826,1187493,0,California,,,48.1,261.8,removed-zero-batch,,,,,
2020-11-11 22:51:34 UTC,Biden,4900695,1520677,0,California,,,51.3,214.7,removed-zero-batch,,,,,
2020-11-11 03:23:42 UTC,Biden,4901610,1558190,0,California,,,40.9,210.8,removed-zero-batch,,,,,
2020-11-11 02:35:20 UTC,Biden,4730457,2522262,0,California,,,25.8,145.9,removed-zero-batch,,,,,
2020-11-11 01:36:01 UTC,Biden,4730457,2522262,0,California,,,25.8,145.9,removed-zero-batch,,,,,
2020-11-11 01:16:21 UTC,Biden,4730457,2522262,0,California,,,25.8,145.9,removed-zero-batch,,,,,
2020-11-11 00:49:41 UTC,Biden,4730457,2522262,0,California,,,25.8,145.9,removed-zero-batch,,,,,
2020-11-11 00:24:41 UTC,Biden,4730457,2522262,0,California,,,25.8,145.9,removed-zero-batch,,,,,
2020-11-10 23:38:41 UTC,Biden,4730457,2522262,0,California,,,25.8,145.9,removed-zero-batch,,,,,
2020-11-10 22:19:21 UTC,Biden,4730457,2522262,0,California,,,25.8,145.9,removed-zero-batch,,,,,
2020-11-10 20:41:20 UTC,Biden,4730457,2522262,0,California,,,25.8,145.9,removed-zero-batch,,,,,
2020-11-10 05:37:57 UTC,Biden,4730457,2522262,0,California,,,25.8,145.9,removed-zero-batch,,,,,
2020-11-10 02:37:40 UTC,Biden,4730457,2522262,0,California,,,25.8,145.9,removed-zero-batch,,,,,
2020-11-10 02:18:36 UTC,Biden,4730457,2522262,0,California,,,25.8,145.9,removed-zero-batch,,,,,
2020-11-08 02:41:32 UTC,Biden,4027593,4924979,0,California,,,45.1,91.8,removed-zero-batch,,,,,
2020-11-08 02:37:03 UTC,Biden,4027593,4924979,0,California,,,45.1,91.8,removed-zero-batch,,,,,
2020-11-07 23:38:51 UTC,Biden,4027593,4924979,0,California,,,45.1,91.8,removed-zero-batch,,,,,
2020-11-07 20:42:06 UTC,Biden,4027593,4924979,0,California,,,45.1,91.8,removed-zero-batch,,,,,
2020-11-07 05:41:05 UTC,Biden,4027593,4924979,0,California,,,45.1,91.8,removed-zero-batch,,,,,
2020-11-07 02:38:15 UTC,Biden,4027593,4924979,0,California,,,45.1,91.8,removed-zero-batch,,,,,
2020-11-07 01:56:26 UTC,Biden,4027593,4924979,0,California,,,45.1,91.8,removed-zero-batch,,,,,
2020-11-07 01:47:07 UTC,Biden,4027593,4924979,0,California,,,45.1,91.8,removed-zero-batch,,,,,
2020-11-07 01:40:56 UTC,Biden,4027593,4924979,0,California,,,45.1,91.8,removed-zero-batch,,,,,
2020-11-07 01:28:19 UTC,Biden,4027593,4924979,0,California,,,45.1,91.8,removed-zero-batch,,,,,
2020-11-07 00:43:16 UTC,Biden,4027593,4924979,0,California,,,45.1,91.8,removed-zero-batch,,,,,
2020-11-06 23:43:16 UTC,Biden,4027593,4924979,0,California,,,45.1,91.8,removed-zero-batch,,,,,
2020-11-06 08:37:14 UTC,Biden,4027593,4924979,0,California,,,45.1,91.8,removed-zero-batch,,,,,
2020-11-06 05:41:02 UTC,Biden,4027593,4924979,0,California,,,45.1,91.8,removed-zero-batch,,,,,
2020-11-06 02:37:26 UTC,Biden,4027593,4924979,0,California,,,45.1,91.8,removed-zero-batch,,,,,
2020-11-06 01:55:21 UTC,Biden,4020732,4996345,0,California,,,27.3,91.1,removed-zero-batch,,,,,
2020-11-06 00:35:53 UTC,Biden,3912732,5418138,0,California,,,39.9,86.9,removed-zero-batch,,,,,
2020-11-05 23:34:06 UTC,Biden,3912732,5418138,0,California,,,39.9,86.9,removed-zero-batch,,,,,
2020-11-05 20:40:29 UTC,Biden,3912732,5418138,0,California,,,39.9,86.9,removed-zero-batch,,,,,
2020-11-05 17:41:08 UTC,Biden,3912732,5418138,0,California,,,39.9,86.9,removed-zero-batch,,,,,
2020-11-05 02:43:35 UTC,Biden,3912732,5418138,0,California,,,39.9,86.9,removed-zero-batch,,,,,
2020-12-06 16:22:00 UTC,Biden,439745,10,0,Colorado,,,42.2,2259828.0,removed-zero-batch,,,,,
2020-11-14 16:39:04 UTC,Biden,439868,2119,0,Colorado,,,42.4,10717.3,removed-zero-batch,,,,,
2020-11-11 22:51:34 UTC,Biden,435633,40082,0,Colorado,,,29.0,608.5,removed-zero-batch,,,,,
2020-11-11 03:23:42 UTC,Biden,433739,44794,0,Colorado,,,28.9,547.6,removed-zero-batch,,,,,
2020-11-05 01:07:02 UTC,Biden,407366,255474,0,Colorado,,,41.0,131.9,removed-zero-batch,,,,,
2020-12-09 20:46:27 UTC,Biden,365389,37,0,Connecticut,,,36.5,501602.0,removed-zero-batch,,,,,
2020-12-09 20:16:35 UTC,Biden,365389,Unknown,0,Connecticut,,,36.5,,removed-zero-batch,,,,,
2020-12-04 20:16:48 UTC,Biden,365389,Unknown,0,Connecticut,,,36.5,,removed-zero-batch,,,,,
2020-12-02 22:05:19 UTC,Biden,365389,Unknown,0,Connecticut,,,36.5,,removed-zero-batch,,,,,
2020-11-30 23:07:19 UTC,Biden,365389,Unknown,0,Connecticut,,,36.5,,removed-zero-batch,,,,,
2020-11-20 17:37:40 UTC,Biden,364924,Unknown,0,Connecticut,,,38.2,,removed-zero-batch,,,,,
2020-11-20 14:32:18 UTC,Biden,364820,Unknown,0,Connecticut,,,38.5,,removed-zero-batch,,,,,
2020-11-19 22:21:01 UTC,Biden,365414,382,0,Connecticut,,,37.8,48633.0,removed-zero-batch,,,,,
2020-11-16 15:52:53 UTC,Biden,365414,385,0,Connecticut,,,37.8,48254.4,removed-zero-batch,,,,,
2020-11-11 03:23:42 UTC,Biden,364992,2439,0,Connecticut,,,39.4,7650.4,removed-zero-batch,,,,,
2020-11-10 18:09:44 UTC,Biden,365006,2493,0,Connecticut,,,39.4,7486.0,removed-zero-batch,,,,,
2020-11-09 14:44:06 UTC,Biden,360173,37760,0,Connecticut,,,28.5,534.4,removed-zero-batch,,,,,
2020-11-06 22:03:00 UTC,Biden,339721,81145,0,Connecticut,,,22.4,262.6,removed-zero-batch,,,,,
2020-11-06 20:08:18 UTC,Biden,329098,94749,0,Connecticut,,,33.2,226.4,removed-zero-batch,,,,,
2020-11-06 18:59:15 UTC,Biden,329097,94750,0,Connecticut,,,33.2,226.4,removed-zero-batch,,,,,
2020-11-06 18:40:11 UTC,Biden,328169,96843,0,Connecticut,,,32.5,222.1,removed-zero-batch,,,,,
2020-11-06 18:34:23 UTC,Biden,328169,96848,0,Connecticut,,,32.5,222.1,removed-zero-batch,,,,,
2020-11-06 17:16:09 UTC,Biden,328169,96851,0,Connecticut,,,32.5,222.1,removed-zero-batch,,,,,
2020-11-06 16:58:02 UTC,Biden,328169,96868,0,Connecticut,,,32.5,222.1,removed-zero-batch,,,,,
2020-11-06 16:13:06 UTC,Biden,328127,97035,0,Connecticut,,,32.4,221.7,removed-zero-batch,,,,,
2020-11-05 18:50:48 UTC,Biden,321102,117615,0,Connecticut,,,23.6,188.7,removed-zero-batch,,,,,
2020-11-05 17:48:22 UTC,Biden,320662,118578,0,Connecticut,,,23.6,187.3,removed-zero-batch,,,,,
2020-11-04 16:32:53 UTC,Biden,297883,224504,0,Connecticut,,,36.9,117.4,removed-zero-batch,,,,,
2020-11-17 17:07:03 UTC,Trump,371668,Unknown,0,Florida,,,54.7,,removed-zero-batch,,,,,
2020-11-16 17:40:54 UTC,Trump,371668,373,0,Florida,,,54.7,50333.4,removed-zero-batch,,,,,
2020-11-14 15:41:46 UTC,Trump,372707,Unknown,0,Florida,,,53.6,,removed-zero-batch,,,,,
2020-11-11 22:51:34 UTC,Trump,372707,Unknown,0,Florida,,,53.6,,removed-zero-batch,,,,,
2020-11-09 18:16:49 UTC,Trump,373065,Unknown,0,Florida,,,53.6,,removed-zero-batch,,,,,
2020-11-09 17:43:52 UTC,Trump,373065,Unknown,0,Florida,,,53.6,,removed-zero-batch,,,,,
2020-11-08 23:50:34 UTC,Trump,373064,Unknown,0,Florida,,,53.6,,removed-zero-batch,,,,,
2020-11-08 19:22:58 UTC,Trump,372287,Unknown,0,Florida,,,55.5,,removed-zero-batch,,,,,
2020-11-08 19:14:37 UTC,Trump,372287,Unknown,0,Florida,,,55.5,,removed-zero-batch,,,,,
2020-11-08 19:01:24 UTC,Trump,372287,Unknown,0,Florida,,,55.5,,removed-zero-batch,,,,,
2020-11-08 18:53:17 UTC,Trump,372287,Unknown,0,Florida,,,55.5,,removed-zero-batch,,,,,
2020-11-08 18:42:05 UTC,Trump,372287,Unknown,0,Florida,,,55.5,,removed-zero-batch,,,,,
2020-11-08 18:37:04 UTC,Trump,372287,Unknown,0,Florida,,,55.5,,removed-zero-batch,,,,,
2020-11-08 18:26:56 UTC,Trump,372287,Unknown,0,Florida,,,55.5,,removed-zero-batch,,,,,
2020-11-08 18:10:32 UTC,Trump,372287,Unknown,0,Florida,,,55.5,,removed-zero-batch,,,,,
2020-11-08 17:15:50 UTC,Trump,377023,36016,0,Florida,,,,578.3,removed-zero-batch,,,,,
2020-11-08 16:56:24 UTC,Trump,377023,36016,0,Florida,,,,578.3,removed-zero-batch,,,,,
2020-11-07 22:32:34 UTC,Trump,377023,36016,0,Florida,,,,578.3,removed-zero-batch,,,,,
2020-11-07 16:56:40 UTC,Trump,377023,36016,0,Florida,,,,578.3,removed-zero-batch,,,,,
2020-11-07 16:49:46 UTC,Trump,377023,36016,0,Florida,,,,578.3,removed-zero-batch,,,,,
2020-11-07 15:35:54 UTC,Trump,377023,36016,0,Florida,,,,578.3,removed-zero-batch,,,,,
2020-11-06 03:59:19 UTC,Trump,377023,36016,0,Florida,,,,578.3,removed-zero-batch,,,,,
2020-11-06 03:51:19 UTC,Trump,377023,36016,0,Florida,,,,578.3,removed-zero-batch,,,,,
2020-11-06 03:45:43 UTC,Trump,377023,36016,0,Florida,,,,578.3,removed-zero-batch,,,,,
2020-11-05 22:45:37 UTC,Trump,377023,36016,0,Florida,,,,578.3,removed-zero-batch,,,,,
2020-11-05 22:01:29 UTC,Trump,377023,36016,0,Florida,,,,578.3,removed-zero-batch,,,,,
2020-11-05 20:01:34 UTC,Trump,377023,36016,0,Florida,,,,578.3,removed-zero-batch,,,,,
2020-11-05 04:22:05 UTC,Trump,377023,36016,0,Florida,,,,578.3,removed-zero-batch,,,,,
2020-11-05 00:44:49 UTC,Trump,377023,36016,0,Florida,,,,578.3,removed-zero-batch,,,,,
2020-11-04 23:49:45 UTC,Trump,377023,36016,0,Florida,,,,578.3,removed-zero-batch,,,,,
2020-11-04 22:27:15 UTC,Trump,377023,36016,0,Florida,,,,578.3,removed-zero-batch,,,,,
2020-11-04 17:16:47 UTC,Trump,377023,36016,0,Florida,,,,578.3,removed-zero-batch,,,,,
2020-11-20 02:15:11 UTC,Biden,12284,Unknown,0,Georgia,,,36.3,,removed-zero-batch,,,,,
2020-11-11 22:51:34 UTC,Biden,14057,3072,0,Georgia,,,29.3,281.7,removed-zero-batch,,,,,
2020-11-11 03:23:42 UTC,Biden,14149,3368,0,Georgia,,,29.0,262.7,removed-zero-batch,,,,,
2020-11-10 15:49:15 UTC,Biden,12291,6621,0,Georgia,,,29.3,144.0,removed-zero-batch,,,,,
2020-11-05 04:22:05 UTC,Trump,31748,112627,0,Georgia,,,73.9,64.3,removed-zero-batch,,,,,
2020-11-05 03:57:56 UTC,Trump,31748,112627,0,Georgia,,,73.9,64.3,removed-zero-batch,,,,,
2020-11-05 03:53:56 UTC,Trump,31748,112627,0,Georgia,,,73.9,64.3,removed-zero-batch,,,,,
2020-11-05 03:53:39 UTC,Trump,31748,112627,0,Georgia,,,73.9,64.3,removed-zero-batch,,,,,
2020-11-05 03:49:40 UTC,Trump,31748,112627,0,Georgia,,,73.9,64.3,removed-zero-batch,,,,,
2020-11-11 22:51:34 UTC,Trump,267028,182,0,Idaho,,,13.1,75753.1,removed-zero-batch,,,,,
2020-11-04 15:17:08 UTC,Trump,245152,30835,0,Idaho,,,,460.2,removed-zero-batch,,,,,
2021-01-04 17:16:55 UTC,Biden,1025024,2988,0,Illinois,,,38.5,17535.4,removed-zero-batch,,,,,
2021-01-04 16:46:45 UTC,Biden,1025024,Unknown,0,Illinois,,,38.5,,removed-zero-batch,,,,,
2021-01-04 15:11:40 UTC,Biden,1025024,Unknown,0,Illinois,,,38.5,,removed-zero-batch,,,,,
2020-12-16 22:06:34 UTC,Biden,1025024,Unknown,0,Illinois,,,38.5,,removed-zero-batch,,,,,
2020-11-16 14:55:32 UTC,Biden,979614,96313,0,Illinois,,,22.5,568.4,removed-zero-batch,,,,,
2020-11-11 03:23:42 UTC,Biden,711793,535553,0,Illinois,,,22.3,117.7,removed-zero-batch,,,,,
2020-11-14 16:39:04 UTC,Trump,487605,68,0,Indiana,,,65.0,365923.1,removed-zero-batch,,,,,
2020-11-11 22:51:34 UTC,Trump,487464,2642,0,Indiana,,,67.5,9464.1,removed-zero-batch,,,,,
2020-11-11 03:23:42 UTC,Trump,487463,2641,0,Indiana,,,67.5,9467.7,removed-zero-batch,,,,,
2020-12-05 23:17:06 UTC,Trump,138611,48,0,Iowa,,,46.6,147411.6,removed-zero-batch,,,,,
2020-11-11 22:51:34 UTC,Trump,138793,3227,0,Iowa,,,38.9,2244.8,removed-zero-batch,,,,,
2020-11-11 03:23:42 UTC,Trump,138807,3225,0,Iowa,,,38.7,2246.4,removed-zero-batch,,,,,
2020-11-09 13:43:13 UTC,Trump,138402,4328,0,Iowa,,,49.0,1681.9,removed-zero-batch,,,,,
2020-11-04 21:45:13 UTC,Trump,138716,4318,0,Iowa,,,,1689.4,removed-zero-batch,,,,,
2020-11-11 22:51:34 UTC,Trump,202171,9884,0,Kansas,,,54.8,1098.3,removed-zero-batch,,,,,
2020-11-11 03:23:42 UTC,Trump,202171,9884,0,Kansas,,,54.8,1098.3,removed-zero-batch,,,,,
2020-11-06 23:43:16 UTC,Trump,205962,23686,0,Kansas,,,34.7,495.7,removed-zero-batch,,,,,
2020-11-06 23:33:12 UTC,Trump,205962,23686,0,Kansas,,,34.7,495.7,removed-zero-batch,,,,,
2020-11-06 23:26:05 UTC,Trump,205962,23686,0,Kansas,,,34.7,495.7,removed-zero-batch,,,,,
2020-11-06 23:13:45 UTC,Trump,205962,23686,0,Kansas,,,34.7,495.7,removed-zero-batch,,,,,
2020-11-06 23:07:08 UTC,Trump,205962,23686,0,Kansas,,,34.7,495.7,removed-zero-batch,,,,,
2020-11-06 22:50:34 UTC,Trump,205962,23686,0,Kansas,,,34.7,495.7,removed-zero-batch,,,,,
2020-11-06 22:43:08 UTC,Trump,205962,23686,0,Kansas,,,34.7,495.7,removed-zero-batch,,,,,
2020-11-06 22:35:03 UTC,Trump,205962,23686,0,Kansas,,,34.7,495.7,removed-zero-batch,,,,,
2020-11-06 22:24:11 UTC,Trump,205962,23686,0,Kansas,,,34.7,495.7,removed-zero-batch,,,,,
2020-11-06 21:39:06 UTC,Trump,205962,23686,0,Kansas,,,34.7,495.7,removed-zero-batch,,,,,
2020-11-06 21:30:56 UTC,Trump,205962,23686,0,Kansas,,,34.7,495.7,removed-zero-batch,,,,,
2020-11-06 21:22:20 UTC,Trump,205962,23686,0,Kansas,,,34.7,495.7,removed-zero-batch,,,,,
2020-11-06 21:14:54 UTC,Trump,205962,23686,0,Kansas,,,34.7,495.7,removed-zero-batch,,,,,
2020-11-06 20:58:52 UTC,Trump,205962,23686,0,Kansas,,,34.7,495.7,removed-zero-batch,,,,,
2020-11-06 20:51:21 UTC,Trump,205962,23686,0,Kansas,,,34.7,495.7,removed-zero-batch,,,,,
2020-11-06 20:17:51 UTC,Trump,205962,23686,0,Kansas,,,34.7,495.7,removed-zero-batch,,,,,
2020-11-06 20:08:18 UTC,Trump,205962,23686,0,Kansas,,,34.7,495.7,removed-zero-batch,,,,,
2020-11-06 18:43:36 UTC,Trump,205962,23686,0,Kansas,,,34.7,495.7,removed-zero-batch,,,,,
2020-11-06 17:59:53 UTC,Trump,205962,23686,0,Kansas,,,34.7,495.7,removed-zero-batch,,,,,
2020-11-06 17:53:42 UTC,Trump,205962,23686,0,Kansas,,,34.7,495.7,removed-zero-batch,,,,,
2020-11-06 17:47:36 UTC,Trump,205962,23686,0,Kansas,,,34.7,495.7,removed-zero-batch,,,,,
2020-11-06 17:40:44 UTC,Trump,205962,23686,0,Kansas,,,34.7,495.7,removed-zero-batch,,,,,
2020-11-06 14:35:07 UTC,Trump,205962,23686,0,Kansas,,,34.7,495.7,removed-zero-batch,,,,,
2020-11-05 23:51:41 UTC,Trump,205962,23686,0,Kansas,,,34.7,495.7,removed-zero-batch,,,,,
2020-11-05 23:42:18 UTC,Trump,205962,23686,0,Kansas,,,34.7,495.7,removed-zero-batch,,,,,
2020-11-05 23:25:57 UTC,Trump,205962,23686,0,Kansas,,,34.7,495.7,removed-zero-batch,,,,,
2020-11-05 23:10:44 UTC,Trump,205962,23686,0,Kansas,,,34.7,495.7,removed-zero-batch,,,,,
2020-11-05 23:07:42 UTC,Trump,205962,23686,0,Kansas,,,34.7,495.7,removed-zero-batch,,,,,
2020-11-05 22:53:30 UTC,Trump,205962,23686,0,Kansas,,,34.7,495.7,removed-zero-batch,,,,,
2020-11-05 19:21:26 UTC,Trump,205844,26261,0,Kansas,,,32.1,451.7,removed-zero-batch,,,,,
2020-11-05 00:16:49 UTC,Trump,205844,26261,0,Kansas,,,32.1,451.7,removed-zero-batch,,,,,
2020-11-20 20:00:11 UTC,Trump,554172,1191,0,Kentucky,,,60.6,23732.2,removed-zero-batch,,,,,
2020-11-11 22:51:34 UTC,Trump,554124,2766,0,Kentucky,,,61.0,10246.4,removed-zero-batch,,,,,
2020-11-11 03:23:42 UTC,Trump,554124,2766,0,Kentucky,,,61.0,10246.4,removed-zero-batch,,,,,
2020-11-09 14:36:14 UTC,Trump,564934,Unknown,0,Kentucky,,,61.1,,removed-zero-batch,,,,,
2020-11-07 14:58:10 UTC,Trump,563155,Unknown,0,Kentucky,,,67.5,,removed-zero-batch,,,,,
2020-11-06 15:11:34 UTC,Trump,574356,16771,0,Kentucky,,,,1793.1,removed-zero-batch,,,,,
2020-12-09 22:56:32 UTC,Biden,74335,Unknown,0,Maine,,,55.0,,removed-zero-batch,,,,,
2020-12-09 22:21:34 UTC,Biden,74335,Unknown,0,Maine,,,55.0,,removed-zero-batch,,,,,
2020-11-30 17:02:18 UTC,Biden,70831,3038,0,Maine,,,62.4,1250.4,removed-zero-batch,,,,,
2020-11-05 14:50:38 UTC,Biden,78630,72873,0,Maine,,,47.1,105.6,removed-zero-batch,,,,,
2020-11-30 03:32:17 UTC,Biden,154188,Unknown,0,Michigan,,,34.6,,removed-zero-batch,,,,,
2020-11-30 03:28:17 UTC,Biden,154188,Unknown,0,Michigan,,,34.6,,removed-zero-batch,,,,,
2020-11-30 03:12:20 UTC,Biden,154188,Unknown,0,Michigan,,,34.6,,removed-zero-batch,,,,,
2020-11-29 18:50:16 UTC,Biden,154188,Unknown,0,Michigan,,,34.6,,removed-zero-batch,,,,,
2020-11-29 18:48:17 UTC,Biden,154188,Unknown,0,Michigan,,,34.6,,removed-zero-batch,,,,,
2020-11-24 02:33:15 UTC,Biden,154188,Unknown,0,Michigan,,,34.6,,removed-zero-batch,,,,,
2020-11-19 16:55:55 UTC,Biden,157772,Unknown,0,Michigan,,,32.6,,removed-zero-batch,,,,,
2020-11-11 22:51:34 UTC,Biden,148645,7973,0,Michigan,,,44.3,996.8,removed-zero-batch,,,,,
2020-11-11 03:23:42 UTC,Biden,148645,7973,0,Michigan,,,44.3,996.8,removed-zero-batch,,,,,
2020-11-06 01:57:28 UTC,Biden,146896,6138,0,Michigan,,,40.7,1265.4,removed-zero-batch,,,,,
2020-11-04 19:33:35 UTC,Biden,37350,209574,0,Michigan,,,60.0,59.1,removed-zero-batch,,,,,
2020-11-04 18:48:31 UTC,Biden,44916,248147,0,Michigan,,,30.9,59.2,removed-zero-batch,,,,,
2020-11-04 18:40:57 UTC,Biden,44916,248147,0,Michigan,,,30.9,59.2,removed-zero-batch,,,,,
2020-11-04 18:23:27 UTC,Biden,48176,235860,0,Michigan,,,30.9,60.4,removed-zero-batch,,,,,
2020-11-04 18:15:15 UTC,Biden,48176,235860,0,Michigan,,,30.9,60.4,removed-zero-batch,,,,,
2020-11-04 17:16:47 UTC,Biden,31261,303565,0,Michigan,,,48.1,55.2,removed-zero-batch,,,,,
2020-11-04 16:32:53 UTC,Biden,31311,337865,0,Michigan,,,44.6,54.7,removed-zero-batch,,,,,
2020-11-30 15:54:17 UTC,Biden,233012,87544,0,Minnesota,,,52.6,186.2,removed-zero-batch,,,,,
2020-11-25 13:48:21 UTC,Biden,232781,95953,0,Minnesota,,,52.7,174.2,removed-zero-batch,,,,,
2020-11-11 22:51:34 UTC,Biden,233400,92246,0,Minnesota,,,52.8,179.5,removed-zero-batch,,,,,
2020-11-11 03:23:42 UTC,Biden,233402,92264,0,Minnesota,,,52.7,179.5,removed-zero-batch,,,,,
2020-11-11 02:42:21 UTC,Biden,233402,92264,0,Minnesota,,,52.7,179.5,removed-zero-batch,,,,,
2020-11-10 18:29:05 UTC,Biden,233253,92904,0,Minnesota,,,52.5,178.5,removed-zero-batch,,,,,
2020-11-09 18:30:48 UTC,Biden,232317,93421,0,Minnesota,,,52.3,177.3,removed-zero-batch,,,,,
2020-11-06 20:51:21 UTC,Biden,232322,93977,0,Minnesota,,,51.9,176.5,removed-zero-batch,,,,,
2020-11-05 16:08:12 UTC,Biden,232007,107217,0,Minnesota,,,47.2,160.8,removed-zero-batch,,,,,
2020-12-16 22:06:34 UTC,Trump,217366,12731,0,Mississippi,,,69.5,916.2,removed-zero-batch,,,,,
2020-12-16 21:16:41 UTC,Trump,217366,12734,0,Mississippi,,,69.5,916.0,removed-zero-batch,,,,,
2020-11-05 21:45:23 UTC,Trump,208754,291404,0,Mississippi,,,58.1,86.3,removed-zero-batch,,,,,
2020-12-10 13:11:40 UTC,Trump,465722,3182,0,Missouri,,,61.7,7501.6,removed-zero-batch,,,,,
2020-12-09 19:16:34 UTC,Trump,465722,3182,0,Missouri,,,61.7,7501.6,removed-zero-batch,,,,,
2020-12-09 16:26:42 UTC,Trump,465722,3182,0,Missouri,,,61.7,7501.6,removed-zero-batch,,,,,
2020-12-09 15:16:36 UTC,Trump,465722,3182,0,Missouri,,,61.7,7501.6,removed-zero-batch,,,,,
2020-11-11 22:51:34 UTC,Trump,468997,18828,0,Missouri,,,,1318.2,removed-zero-batch,,,,,
2020-11-09 14:51:52 UTC,Trump,468997,18828,0,Missouri,,,,1318.2,removed-zero-batch,,,,,
2020-12-10 21:01:36 UTC,Trump,182263,Unknown,0,Nebraska,,,,,removed-zero-batch,,,,,
2020-12-09 19:16:34 UTC,Trump,182263,Unknown,0,Nebraska,,,,,removed-zero-batch,,,,,
2020-12-06 04:22:07 UTC,Trump,182263,Unknown,0,Nebraska,,,,,removed-zero-batch,,,,,
2020-11-24 13:22:21 UTC,Trump,182253,97,0,Nebraska,,,,96511.3,removed-zero-batch,,,,,
2020-11-14 16:39:04 UTC,Trump,181863,6015,0,Nebraska,,,,1602.2,removed-zero-batch,,,,,
2020-11-14 00:30:24 UTC,Trump,182505,9791,0,Nebraska,,,,1007.0,removed-zero-batch,,,,,
2020-11-11 22:51:34 UTC,Trump,182505,9791,0,Nebraska,,,,1007.0,removed-zero-batch,,,,,
2020-11-11 03:23:42 UTC,Trump,182505,9791,0,Nebraska,,,,1007.0,removed-zero-batch,,,,,
2020-11-07 00:50:26 UTC,Trump,182301,12063,0,Nebraska,,,,825.9,removed-zero-batch,,,,,
2020-11-07 00:06:00 UTC,Trump,182112,25923,0,Nebraska,,,18.1,410.7,removed-zero-batch,,,,,
2020-11-06 15:11:34 UTC,Trump,182112,25923,0,Nebraska,,,18.1,410.7,removed-zero-batch,,,,,
2020-11-04 18:40:57 UTC,Trump,153735,71626,0,Nebraska,,,,160.2,removed-zero-batch,,,,,
2020-11-04 17:33:32 UTC,Trump,153735,71626,0,Nebraska,,,,160.2,removed-zero-batch,,,,,
2020-11-04 17:16:47 UTC,Trump,153735,71626,0,Nebraska,,,,160.2,removed-zero-batch,,,,,
2020-11-06 20:42:56 UTC,Biden,56870,3231,0,New Hampshire,,,49.7,945.5,removed-zero-batch,,,,,
2020-11-06 15:27:32 UTC,Biden,56625,7200,0,New Hampshire,,,50.9,450.1,removed-zero-batch,,,,,
2020-11-04 21:54:32 UTC,Biden,50567,174540,0,New Hampshire,,,47.6,64.7,removed-zero-batch,,,,,
2020-11-24 13:22:21 UTC,Biden,99716,4,0,New Mexico,,,22.4,1274721.8,removed-zero-batch,,,,,
2020-11-11 03:23:42 UTC,Biden,98181,3046,0,New Mexico,,,22.0,1698.1,removed-zero-batch,,,,,
2020-11-04 19:47:46 UTC,Biden,92285,10829,0,New Mexico,,,,485.7,removed-zero-batch,,,,,
2020-11-04 19:44:32 UTC,Biden,92285,10829,0,New Mexico,,,,485.7,removed-zero-batch,,,,,
2020-12-15 14:46:47 UTC,Biden,1993776,2659,0,New York,,,27.4,38067.7,removed-zero-batch,,,,,
2020-12-15 14:21:39 UTC,Biden,1993776,3629,0,New York,,,27.4,27905.9,removed-zero-batch,,,,,
2020-12-01 14:22:19 UTC,Biden,1179981,1276699,0,New York,,,22.4,96.9,removed-zero-batch,,,,,
2020-11-19 02:44:09 UTC,Biden,996791,1671803,0,New York,,,24.9,80.2,removed-zero-batch,,,,,
2020-11-18 17:18:14 UTC,Biden,988989,1687346,0,New York,,,24.3,79.7,removed-zero-batch,,,,,
2020-11-18 16:26:51 UTC,Biden,987539,1691576,0,New York,,,22.9,79.6,removed-zero-batch,,,,,
2020-11-11 03:23:42 UTC,Biden,849793,1969187,0,New York,,,36.3,71.9,removed-zero-batch,,,,,
2020-11-09 20:27:00 UTC,Biden,849919,1971502,0,New York,,,35.1,71.9,removed-zero-batch,,,,,
2020-11-06 21:46:44 UTC,Biden,1301849,1351448,0,New York,,,35.8,98.8,removed-zero-batch,,,,,
2020-11-06 20:42:56 UTC,Biden,1301849,1351492,0,New York,,,35.8,98.8,removed-zero-batch,,,,,
2020-11-15 16:36:09 UTC,Trump,73325,2583,0,North Carolina,,,47.2,1490.7,removed-zero-batch,,,,,
2020-11-15 16:25:09 UTC,Trump,73325,2619,0,North Carolina,,,47.2,1470.9,removed-zero-batch,,,,,
2020-11-11 22:51:34 UTC,Trump,73276,50759,0,North Carolina,,,63.3,123.3,removed-zero-batch,,,,,
2020-11-11 03:23:42 UTC,Trump,74870,59354,0,North Carolina,,,63.5,114.0,removed-zero-batch,,,,,
2020-11-05 18:03:08 UTC,Trump,76737,63391,0,North Carolina,,,,111.4,removed-zero-batch,,,,,
2020-11-05 16:46:27 UTC,Trump,76737,65624,0,North Carolina,,,,109.3,removed-zero-batch,,,,,
2020-11-04 21:41:50 UTC,Trump,76737,67613,0,North Carolina,,,,107.6,removed-zero-batch,,,,,
2020-11-17 03:18:53 UTC,Trump,120693,Unknown,0,North Dakota,,,35.5,,removed-zero-batch,,,,,
2020-11-14 16:39:04 UTC,Trump,120684,11,0,North Dakota,,,35.7,566333.7,removed-zero-batch,,,,,
2020-11-11 03:23:42 UTC,Trump,120616,163,0,North Dakota,,,37.2,38243.9,removed-zero-batch,,,,,
2020-11-11 22:51:34 UTC,Trump,470723,157615,0,Ohio,,,50.8,201.6,removed-zero-batch,,,,,
2020-12-04 02:11:44 UTC,Biden,381880,2862,0,Oregon,,,52.2,6940.6,removed-zero-batch,,,,,
2020-12-01 02:04:18 UTC,Biden,381881,3143,0,Oregon,,,52.2,6324.6,removed-zero-batch,,,,,
2020-11-24 13:22:21 UTC,Biden,379519,Unknown,0,Oregon,,,51.9,,removed-zero-batch,,,,,
2020-11-28 05:00:22 UTC,Biden,81660,1249,0,Pennsylvania,,,50.1,3360.6,removed-zero-batch,,,,,
2020-11-24 13:22:21 UTC,Biden,81020,1671,0,Pennsylvania,,,51.8,2505.2,removed-zero-batch,,,,,
2020-11-16 15:52:53 UTC,Biden,68312,62159,0,Pennsylvania,,,35.6,105.6,removed-zero-batch,,,,,
2020-11-14 16:39:04 UTC,Biden,63005,76623,0,Pennsylvania,,,35.8,91.6,removed-zero-batch,,,,,
2020-11-14 02:08:43 UTC,Biden,63005,76623,0,Pennsylvania,,,35.8,91.6,removed-zero-batch,,,,,
2020-11-11 22:51:34 UTC,Biden,50213,131566,0,Pennsylvania,,,41.9,69.3,removed-zero-batch,,,,,
2020-11-06 04:59:00 UTC,Trump,23953,297420,0,Pennsylvania,,,81.0,54.1,removed-zero-batch,,,,,
2020-11-05 23:25:57 UTC,Trump,78314,399772,0,Pennsylvania,,,66.5,59.9,removed-zero-batch,,,,,
2020-11-05 02:19:13 UTC,Trump,192380,638267,0,Pennsylvania,,,71.7,65.3,removed-zero-batch,,,,,
2020-11-04 22:21:41 UTC,Trump,303293,894364,0,Pennsylvania,,,75.1,67.2,removed-zero-batch,,,,,
2020-11-04 22:20:14 UTC,Trump,303293,896670,0,Pennsylvania,,,75.1,67.1,removed-zero-batch,,,,,
2020-11-04 22:07:35 UTC,Trump,308167,905982,0,Pennsylvania,,,74.0,67.2,removed-zero-batch,,,,,
2020-11-12 15:36:23 UTC,Trump,293562,873,0,South Carolina,,,48.8,17112.4,removed-zero-batch,,,,,
2020-11-12 15:28:44 UTC,Trump,293562,873,0,South Carolina,,,48.8,17112.4,removed-zero-batch,,,,,
2020-11-11 03:23:42 UTC,Trump,293572,378,0,South Carolina,,,48.8,39457.5,removed-zero-batch,,,,,
2020-11-09 14:36:14 UTC,Trump,293689,Unknown,0,South Carolina,,,48.8,,removed-zero-batch,,,,,
2020-11-05 17:06:03 UTC,Trump,295638,47548,0,South Carolina,,,68.7,365.5,removed-zero-batch,,,,,
2020-11-04 17:16:47 UTC,Trump,309274,117822,0,South Carolina,,,74.0,183.2,removed-zero-batch,,,,,
2020-11-04 21:56:26 UTC,Trump,116941,41125,0,South Dakota,,,47.4,196.0,removed-zero-batch,,,,,
2020-11-24 13:30:24 UTC,Trump,630723,Unknown,0,Texas,,,55.3,,removed-zero-batch,,,,,
2020-11-16 20:04:13 UTC,Trump,638323,47017,0,Texas,,,67.3,739.1,removed-zero-batch,,,,,
2020-11-11 22:51:34 UTC,Trump,647076,66132,0,Texas,,,50.2,546.6,removed-zero-batch,,,,,
2020-11-11 03:23:42 UTC,Trump,647076,66132,0,Texas,,,50.2,546.6,removed-zero-batch,,,,,
2020-11-06 04:13:59 UTC,Trump,654728,55588,0,Texas,,,58.1,647.8,removed-zero-batch,,,,,
2020-11-05 17:24:14 UTC,Trump,655126,63397,0,Texas,,,61.0,574.5,removed-zero-batch,,,,,
2020-11-04 13:35:13 UTC,Trump,672747,138944,0,Texas,,,,295.8,removed-zero-batch,,,,,
2020-11-22 15:33:41 UTC,Biden,451138,13230,0,Virginia,,,25.1,1787.9,removed-zero-batch,,,,,
2020-11-22 15:10:05 UTC,Biden,451138,13230,0,Virginia,,,25.1,1787.9,removed-zero-batch,,,,,
2020-11-22 14:48:16 UTC,Biden,451138,13631,0,Virginia,,,25.1,1736.8,removed-zero-batch,,,,,
2020-11-22 14:34:01 UTC,Biden,451138,15819,0,Virginia,,,25.1,1503.5,removed-zero-batch,,,,,
2020-11-22 14:24:07 UTC,Biden,451138,16395,0,Virginia,,,25.1,1452.4,removed-zero-batch,,,,,
2020-11-17 20:31:58 UTC,Biden,450625,30753,0,Virginia,,,25.4,796.8,removed-zero-batch,,,,,
2020-11-16 15:52:53 UTC,Biden,450625,31150,0,Virginia,,,25.4,787.3,removed-zero-batch,,,,,
2020-11-14 16:39:04 UTC,Biden,450609,31156,0,Virginia,,,25.4,787.1,removed-zero-batch,,,,,
2020-11-12 17:34:03 UTC,Biden,450647,31142,0,Virginia,,,25.4,787.5,removed-zero-batch,,,,,
2020-11-11 22:51:34 UTC,Biden,439809,24806,0,Virginia,,,31.0,953.6,removed-zero-batch,,,,,
2020-11-11 03:23:42 UTC,Biden,436613,31705,0,Virginia,,,30.8,751.9,removed-zero-batch,,,,,
2020-11-09 17:24:48 UTC,Biden,433819,40602,0,Virginia,,,38.0,594.6,removed-zero-batch,,,,,
2020-11-07 00:50:26 UTC,Biden,425973,74168,0,Virginia,,,32.6,342.7,removed-zero-batch,,,,,
2020-11-06 04:01:39 UTC,Biden,411714,87732,0,Virginia,,,37.5,289.2,removed-zero-batch,,,,,
2020-12-06 14:16:59 UTC,Trump,309398,Unknown,0,West Virginia,,,35.6,,removed-zero-batch,,,,,
2020-11-24 15:40:17 UTC,Trump,309204,448,0,West Virginia,,,35.7,35146.2,removed-zero-batch,,,,,
2020-11-23 20:33:25 UTC,Trump,309204,448,0,West Virginia,,,35.7,35146.2,removed-zero-batch,,,,,
2020-11-17 18:01:02 UTC,Trump,309169,750,0,West Virginia,,,35.5,21011.7,removed-zero-batch,,,,,
2020-11-13 16:28:30 UTC,Trump,308473,4399,0,West Virginia,,,34.8,3615.8,removed-zero-batch,,,,,
2020-11-12 20:15:45 UTC,Trump,308473,4399,0,West Virginia,,,34.8,3615.8,removed-zero-batch,,,,,
2020-11-12 17:34:03 UTC,Trump,308473,4399,0,West Virginia,,,34.8,3615.8,removed-zero-batch,,,,,
2020-11-11 22:51:34 UTC,Trump,308473,4399,0,West Virginia,,,34.8,3615.8,removed-zero-batch,,,,,
2020-11-10 21:44:40 UTC,Trump,307807,6992,0,West Virginia,,,34.6,2288.6,removed-zero-batch,,,,,
2020-11-10 21:13:21 UTC,Trump,307807,6992,0,West Virginia,,,34.6,2288.6,removed-zero-batch,,,,,
2020-11-10 19:29:47 UTC,Trump,307807,6992,0,West Virginia,,,34.6,2288.6,removed-zero-batch,,,,,
2020-11-10 16:21:39 UTC,Trump,307807,6992,0,West Virginia,,,34.6,2288.6,removed-zero-batch,,,,,
2020-11-10 13:17:25 UTC,Trump,307807,6992,0,West Virginia,,,34.6,2288.6,removed-zero-batch,,,,,
2020-11-09 23:16:41 UTC,Trump,307807,6992,0,West Virginia,,,34.6,2288.6,removed-zero-batch,,,,,
2020-11-04 17:33:32 UTC,Biden,20697,592,0,Wisconsin,,,,1828.6,removed-zero-batch,,,,,
2021-01-05 15:21:52+00:00,Trump,591546,4,Unknown,Alabama,9.1,109.1,58.5,7499241.2,removed-unknown-batch,,,,,
2020-11-06 18:40:11+00:00,Trump,596046,26070,Unknown,Alabama,5.9,105.9,49.1,1209.4,removed-unknown-batch,,,,,
2020-11-25 01:59:12+00:00,Trump,36355,34858,Unknown,Alaska,6.8,106.8,48.2,104.5,removed-unknown-batch,,,,,
2020-11-09 21:52:34+00:00,Biden,711793,535553,Unknown,Illinois,38.3,138.3,21.6,117.7,removed-unknown-batch,,,,,
2020-11-11 14:59:03+00:00,Trump,138793,3227,Unknown,Iowa,114.3,14.3,39.1,2244.8,removed-unknown-batch,,,,,
2020-11-25 14:47:14+00:00,Biden,233039,90020,Unknown,Minnesota,37.0,137.0,52.7,182.5,removed-unknown-batch,,,,,
2020-11-25 14:10:14+00:00,Biden,232802,94785,Unknown,Minnesota,300.0,400.0,52.7,175.7,removed-unknown-batch,,,,,
2020-12-06 14:16:59+00:00,Trump,217366,12735,Unknown,Mississippi,52.4,152.4,69.3,915.9,removed-unknown-batch,,,,,
2020-11-17 02:21:52+00:00,Trump,236423,67085,Unknown,Mississippi,736.4,836.4,54.3,228.8,removed-unknown-batch,,,,,
2020-12-09 14:21:38+00:00,Trump,465722,1422,Unknown,Missouri,13.3,113.3,59.6,16724.3,removed-unknown-batch,,,,,
2020-11-09 20:27:00+00:00,Trump,470723,157615,Unknown,Ohio,46.4,146.4,34.0,201.6,removed-unknown-batch,,,,,
2020-11-09 21:44:56+00:00,Trump,647601,68196,Unknown,Texas,123.2,23.2,66.1,532.0,removed-unknown-batch,,,,,
2020-11-17 20:55:57+00:00,Biden,450833,18042,Unknown,Virginia,14.3,114.3,25.3,1323.5,removed-unknown-batch,,,,,
2020-11-17 20:48:37+00:00,Biden,450788,19687,Unknown,Virginia,3.7,103.7,24.9,1217.0,removed-unknown-batch,,,,,
2020-11-17 20:40:39+00:00,Biden,450584,22881,Unknown,Virginia,105.4,5.4,25.4,1053.6,removed-unknown-batch,,,,,
2020-11-16 19:15:12+00:00,Biden,20527,261,Unknown,Wisconsin,105.9,5.9,70.2,4051.1,removed-unknown-batch,,,,,
2020-12-04 21:12:00+00:00,Trump,591520,Unknown,22.0,Alabama,9.1,109.1,58.5,,removed-margin-batch-conflict,0.0,,,,
2020-11-04 20:28:27+00:00,Trump,595034,28763,54.0,Alabama,1870.4,1970.4,53.5,1099.0,removed-margin-batch-conflict,7.0,,,,
2020-12-01 17:33:19+00:00,Trump,36494,34178,1.0,Alaska,300.0,200.0,48.8,105.8,removed-margin-batch-conflict,12.0,,,,
2020-12-01 14:22:19+00:00,Trump,36489,34232,96.0,Alaska,283.3,183.3,48.8,105.7,removed-margin-batch-conflict,13.0,,,,
2020-11-30 21:15:17+00:00,Biden,10457,Unknown,0.0,Arizona,,,53.7,,removed-margin-batch-conflict,27.0,,,,
2020-11-23 19:19:23+00:00,Biden,10457,18,0.0,Arizona,,,53.7,29563.3,removed-margin-batch-conflict,28.0,,,,
2020-11-14 16:39:04+00:00,Biden,10016,891,0.0,Arizona,,,54.6,621.1,removed-margin-batch-conflict,32.0,,,,
2020-11-13 21:47:22+00:00,Biden,10986,4417,2.0,Arizona,0.0,100.0,53.1,176.4,removed-margin-batch-conflict,36.0,,,,
2020-11-12 21:31:23+00:00,Biden,11536,18868,1.0,Arizona,0.0,100.0,55.1,81.1,removed-margin-batch-conflict,41.0,,,,
2020-11-11 22:51:34+00:00,Biden,12813,37105,0.0,Arizona,,,57.7,67.5,removed-margin-batch-conflict,45.0,,,,
2020-11-11 03:23:42+00:00,Biden,12813,37105,0.0,Arizona,,,57.7,67.5,removed-margin-batch-conflict,46.0,,,,
2020-11-07 02:12:08+00:00,Biden,29861,150413,0.0,Arizona,,,55.0,60.1,removed-margin-batch-conflict,75.0,,,,
2020-11-05 07:45:16+00:00,Biden,68390,475186,0.0,Arizona,,,58.8,57.3,removed-margin-batch-conflict,103.0,,,,
2020-11-04 19:44:32+00:00,Biden,93518,619124,0.0,Arizona,,,64.8,57.7,removed-margin-batch-conflict,108.0,,,,
2020-11-04 15:52:05+00:00,Biden,93509,619400,0.0,Arizona,,,64.9,57.7,removed-margin-batch-conflict,110.0,,,,
2020-11-20 19:25:31+00:00,Trump,336212,1456,1.0,Arkansas,0.0,100.0,44.1,11931.9,removed-margin-batch-conflict,117.0,,,,
2020-11-19 23:15:02+00:00,Trump,336213,1457,1.0,Arkansas,100.0,0.0,44.1,11923.8,removed-margin-batch-conflict,118.0,,,,
2020-11-19 17:57:22+00:00,Trump,336212,1456,2.0,Arkansas,0.0,100.0,44.1,11931.9,removed-margin-batch-conflict,119.0,,,,
2020-11-16 19:15:12+00:00,Trump,337970,7085,3.0,Arkansas,100.0,0.0,36.3,2504.6,removed-margin-batch-conflict,140.0,,,,
2020-11-12 20:07:44+00:00,Trump,339004,9667,7.0,Arkansas,0.0,100.0,32.2,1854.5,removed-margin-batch-conflict,168.0,,,,
2020-11-12 16:47:02+00:00,Trump,339002,9696,1.0,Arkansas,100.0,0.0,32.2,1849.1,removed-margin-batch-conflict,170.0,,,,
2020-11-09 20:19:13+00:00,Trump,338977,9789,1.0,Arkansas,0.0,100.0,32.1,1831.8,removed-margin-batch-conflict,174.0,,,,
2020-11-06 18:51:26+00:00,Trump,340262,2257,3000.0,Arkansas,100.0,0.0,36.8,7807.4,removed-margin-batch-conflict,182.0,,,,
2020-11-05 16:37:47+00:00,Trump,342163,5608,1.0,Arkansas,100.0,0.0,27.8,3189.5,removed-margin-batch-conflict,185.0,,,,
2020-11-24 16:52:23+00:00,Biden,439715,851,1.0,Colorado,0.0,100.0,42.5,26602.6,removed-margin-batch-conflict,291.0,,,,
2020-11-23 22:13:22+00:00,Biden,439716,852,1.0,Colorado,100.0,0.0,42.5,26571.5,removed-margin-batch-conflict,292.0,,,,
2020-11-23 21:05:15+00:00,Biden,439715,853,1.0,Colorado,100.0,0.0,42.5,26540.3,removed-margin-batch-conflict,293.0,,,,
2020-11-23 16:44:22+00:00,Biden,439714,854,1.0,Colorado,0.0,100.0,42.5,26509.2,removed-margin-batch-conflict,294.0,,,,
2020-11-20 02:34:36+00:00,Biden,364820,Unknown,594.0,Connecticut,0.0,100.0,38.5,,removed-margin-batch-conflict,358.0,,,,
2020-11-13 20:33:38+00:00,Biden,364989,2428,10.0,Connecticut,0.0,100.0,39.4,7684.7,removed-margin-batch-conflict,360.0,,,,
2020-11-13 19:13:58+00:00,Biden,364999,2438,5.0,Connecticut,120.0,20.0,39.4,7653.6,removed-margin-batch-conflict,361.0,,,,
2020-11-10 02:18:36+00:00,Biden,365006,2494,28.0,Connecticut,100.0,0.0,39.4,7483.0,removed-margin-batch-conflict,363.0,,,,
2020-11-09 15:49:10+00:00,Biden,360212,37590,2.0,Connecticut,0.0,100.0,28.5,536.7,removed-margin-batch-conflict,371.0,,,,
2020-11-08 18:37:04+00:00,Biden,360173,37760,2.0,Connecticut,100.0,0.0,28.5,534.4,removed-margin-batch-conflict,374.0,,,,
2020-11-06 20:42:56+00:00,Biden,330007,94594,1.0,Connecticut,0.0,100.0,31.8,227.2,removed-margin-batch-conflict,384.0,,,,
2020-11-06 20:17:51+00:00,Biden,330008,94595,136.0,Connecticut,384.6,284.6,31.8,227.2,removed-margin-batch-conflict,385.0,,,,
2020-11-06 19:11:02+00:00,Biden,329098,94749,1.0,Connecticut,100.0,0.0,33.2,226.4,removed-margin-batch-conflict,386.0,,,,
2020-11-06 16:03:11+00:00,Biden,328127,97036,2.0,Connecticut,100.0,0.0,32.4,221.7,removed-margin-batch-conflict,390.0,,,,
2020-11-05 22:15:13+00:00,Biden,323925,104920,4.0,Connecticut,0.0,100.0,30.5,206.8,removed-margin-batch-conflict,397.0,,,,
2020-11-04 23:49:45+00:00,Biden,305877,146135,8.0,Connecticut,100.0,0.0,42.4,156.3,removed-margin-batch-conflict,425.0,,,,
2020-11-04 20:32:34+00:00,Biden,304161,150920,2.0,Connecticut,100.0,0.0,44.2,152.4,removed-margin-batch-conflict,436.0,,,,
2020-11-04 19:52:29+00:00,Biden,303189,152769,5.0,Connecticut,100.0,0.0,45.4,150.8,removed-margin-batch-conflict,441.0,,,,
2020-11-04 18:56:14+00:00,Biden,302873,153685,9.0,Connecticut,0.0,100.0,45.7,150.1,removed-margin-batch-conflict,446.0,,,,
2020-11-04 18:15:15+00:00,Biden,302371,169428,2.0,Connecticut,100.0,0.0,44.8,140.6,removed-margin-batch-conflict,448.0,,,,
2020-11-04 15:58:54+00:00,Biden,293641,232031,3.0,Connecticut,0.0,100.0,56.9,114.3,removed-margin-batch-conflict,457.0,,,,
2020-11-11 22:51:34+00:00,Biden,95665,Unknown,0.0,Delaware,,,47.2,,removed-margin-batch-conflict,462.0,,,,
2020-11-06 03:34:58+00:00,Biden,95556,1626,1.0,Delaware,100.0,0.0,71.8,3030.6,removed-margin-batch-conflict,465.0,,,,
2020-11-10 14:07:20+00:00,Trump,372707,Unknown,360.0,Florida,100.0,0.0,54.3,,removed-margin-batch-conflict,485.0,,,,
2020-11-09 22:05:23+00:00,Trump,373067,Unknown,2.0,Florida,100.0,0.0,53.6,,removed-margin-batch-conflict,486.0,,,,
2020-11-09 17:17:21+00:00,Trump,373065,Unknown,2.0,Florida,100.0,0.0,53.6,,removed-margin-batch-conflict,487.0,,,,
2020-12-07 20:17:22+00:00,Biden,11779,Unknown,1.0,Georgia,7400.0,7500.0,36.0,,removed-margin-batch-conflict,495.0,,,,
2020-11-20 21:42:52+00:00,Biden,12748,Unknown,32.0,Georgia,278.1,178.1,35.8,,removed-margin-batch-conflict,500.0,,,,
2020-11-20 21:26:13+00:00,Biden,12462,Unknown,43.0,Georgia,167.4,67.4,36.0,,removed-margin-batch-conflict,502.0,,,,
2020-11-20 01:55:08+00:00,Biden,12284,Unknown,16.0,Georgia,362.5,462.5,36.3,,removed-margin-batch-conflict,505.0,,,,
2020-11-19 18:55:42+00:00,Biden,13558,Unknown,1.0,Georgia,0.0,100.0,32.4,,removed-margin-batch-conflict,508.0,,,,
2020-11-13 18:22:52+00:00,Biden,14152,2819,2.0,Georgia,100.0,0.0,29.3,304.2,removed-margin-batch-conflict,515.0,,,,
2020-11-11 15:25:02+00:00,Biden,14112,3283,1.0,Georgia,100.0,0.0,29.1,267.6,removed-margin-batch-conflict,522.0,,,,
2020-11-11 13:46:23+00:00,Biden,14111,3284,10.0,Georgia,100.0,0.0,29.1,267.6,removed-margin-batch-conflict,523.0,,,,
2020-11-10 17:13:34+00:00,Biden,12293,6611,1.0,Georgia,100.0,0.0,29.3,144.1,removed-margin-batch-conflict,534.0,,,,
2020-11-09 22:48:00+00:00,Biden,11419,8495,1.0,Georgia,100.0,0.0,28.4,118.1,removed-margin-batch-conflict,542.0,,,,
2020-11-09 20:19:13+00:00,Biden,10622,10456,1.0,Georgia,100.0,0.0,29.2,101.4,removed-margin-batch-conflict,549.0,,,,
2020-11-09 19:37:52+00:00,Biden,10621,10457,25.0,Georgia,0.0,100.0,29.2,101.4,removed-margin-batch-conflict,550.0,,,,
2020-11-08 13:13:11+00:00,Biden,10196,12171,1.0,Georgia,100.0,0.0,27.9,92.4,removed-margin-batch-conflict,564.0,,,,
2020-11-06 23:07:08+00:00,Biden,4182,25670,3.0,Georgia,0.0,100.0,31.3,58.2,removed-margin-batch-conflict,588.0,,,,
2020-11-06 19:22:14+00:00,Biden,1553,34429,1.0,Georgia,0.0,100.0,30.7,52.3,removed-margin-batch-conflict,609.0,,,,
2020-11-06 18:51:26+00:00,Biden,1561,34450,1.0,Georgia,0.0,100.0,30.6,52.3,removed-margin-batch-conflict,611.0,,,,
2020-11-06 18:40:11+00:00,Biden,1562,34451,1.0,Georgia,100.0,0.0,30.6,52.3,removed-margin-batch-conflict,612.0,,,,
2020-11-06 18:08:50+00:00,Biden,1561,34465,1.0,Georgia,100.0,0.0,30.6,52.3,removed-margin-batch-conflict,614.0,,,,
2020-11-06 17:21:32+00:00,Biden,1578,34537,1.0,Georgia,100.0,0.0,30.5,52.3,removed-margin-batch-conflict,617.0,,,,
2020-11-06 16:41:57+00:00,Biden,1585,34556,2.0,Georgia,0.0,100.0,30.5,52.3,removed-margin-batch-conflict,620.0,,,,
2020-11-05 21:37:23+00:00,Trump,12771,70321,6.0,Georgia,100.0,0.0,69.8,59.2,removed-margin-batch-conflict,645.0,,,,
2020-11-05 21:05:33+00:00,Trump,12765,70335,3.0,Georgia,0.0,100.0,69.8,59.2,removed-margin-batch-conflict,647.0,,,,
2020-11-05 19:21:26+00:00,Trump,13220,74584,1.0,Georgia,100.0,0.0,73.0,59.0,removed-margin-batch-conflict,653.0,,,,
2020-11-05 17:52:38+00:00,Trump,13540,75570,1.0,Georgia,100.0,0.0,73.4,59.1,removed-margin-batch-conflict,656.0,,,,
2020-11-05 14:10:28+00:00,Trump,18590,87988,2.0,Georgia,100.0,0.0,77.2,60.7,removed-margin-batch-conflict,664.0,,,,
2020-11-04 20:37:49+00:00,Trump,78423,227440,1.0,Georgia,0.0,100.0,76.1,67.5,removed-margin-batch-conflict,696.0,,,,
2021-01-05 15:21:52+00:00,Trump,267097,140,1.0,Idaho,100.0,0.0,13.2,98489.5,removed-margin-batch-conflict,716.0,,,,
2020-12-18 21:16:36+00:00,Trump,267098,47,1.0,Idaho,100.0,0.0,13.2,293275.2,removed-margin-batch-conflict,717.0,,,,
2020-11-20 23:42:58+00:00,Trump,267097,48,0.0,Idaho,50.0,50.0,13.2,287165.2,removed-margin-batch-conflict,718.0,,,,
2020-12-04 17:26:45+00:00,Biden,1024920,15246,1527.0,Illinois,113.9,13.9,26.5,3476.5,removed-margin-batch-conflict,727.0,,,,
2020-11-16 15:11:31+00:00,Biden,984295,94405,1785.0,Illinois,181.1,81.1,16.4,581.4,removed-margin-batch-conflict,744.0,,,,
2020-11-06 19:46:07+00:00,Biden,646790,660183,1000.0,Illinois,0.0,100.0,33.3,99.9,removed-margin-batch-conflict,758.0,,,,
2020-11-06 14:58:41+00:00,Biden,649364,670317,7.0,Illinois,100.0,0.0,18.7,99.4,removed-margin-batch-conflict,761.0,,,,
2020-11-05 19:12:36+00:00,Biden,623131,885160,1000.0,Illinois,100.0,0.0,68.5,85.9,removed-margin-batch-conflict,770.0,,,,
2020-11-05 16:55:14+00:00,Biden,632815,947713,6899.0,Illinois,115.3,15.3,39.4,84.0,removed-margin-batch-conflict,778.0,,,,
2021-01-05 22:23:05+00:00,Trump,487359,1466,2.0,Indiana,100.0,0.0,64.3,17012.4,removed-margin-batch-conflict,787.0,,,,
2020-11-26 14:48:15+00:00,Trump,487683,Unknown,5.0,Indiana,160.0,60.0,64.4,,removed-margin-batch-conflict,791.0,,,,
2020-11-16 16:33:11+00:00,Trump,487606,49,1.0,Indiana,0.0,100.0,65.0,507793.3,removed-margin-batch-conflict,797.0,,,,
2020-11-14 18:15:46+00:00,Trump,487604,67,1.0,Indiana,0.0,100.0,65.0,371383.1,removed-margin-batch-conflict,799.0,,,,
2020-11-11 14:44:44+00:00,Trump,487464,2642,1.0,Indiana,0.0,100.0,67.5,9464.1,removed-margin-batch-conflict,807.0,,,,
2020-11-05 18:34:38+00:00,Trump,492109,132613,4500.0,Indiana,100.0,0.0,29.9,239.3,removed-margin-batch-conflict,822.0,,,,
2020-11-11 14:44:44+00:00,Trump,138802,3220,5.0,Iowa,0.0,100.0,38.9,2249.7,removed-margin-batch-conflict,840.0,,,,
2020-11-10 14:57:59+00:00,Trump,138520,3974,3.0,Iowa,100.0,0.0,42.2,1828.7,removed-margin-batch-conflict,859.0,,,,
2020-11-09 16:41:11+00:00,Trump,138410,4298,1.0,Iowa,100.0,0.0,48.2,1693.3,removed-margin-batch-conflict,879.0,,,,
2020-11-09 13:31:26+00:00,Trump,138402,4427,1.0,Iowa,0.0,100.0,49.0,1645.4,removed-margin-batch-conflict,881.0,,,,
2020-11-06 21:30:56+00:00,Trump,138705,4093,1.0,Iowa,100.0,0.0,51.1,1779.3,removed-margin-batch-conflict,886.0,,,,
2020-11-06 20:08:18+00:00,Trump,138704,4094,1.0,Iowa,100.0,0.0,51.2,1778.9,removed-margin-batch-conflict,887.0,,,,
2020-11-06 17:56:16+00:00,Trump,138699,4103,2.0,Iowa,100.0,0.0,52.2,1775.0,removed-margin-batch-conflict,889.0,,,,
2020-11-06 16:03:11+00:00,Trump,138677,4162,2.0,Iowa,100.0,0.0,59.0,1750.3,removed-margin-batch-conflict,894.0,,,,
2020-11-05 22:21:28+00:00,Trump,138702,4247,1.0,Iowa,100.0,0.0,56.4,1716.6,removed-margin-batch-conflict,899.0,,,,
2020-11-04 21:50:52+00:00,Trump,138716,4302,16.0,Iowa,50.0,50.0,50.0,1695.4,removed-margin-batch-conflict,902.0,,,,
2020-11-04 23:28:04+00:00,Trump,206483,28495,1.0,Kansas,100.0,0.0,26.0,421.4,removed-margin-batch-conflict,935.0,,,,
2020-11-04 22:19:33+00:00,Trump,207248,33052,1.0,Kansas,100.0,0.0,18.2,371.4,removed-margin-batch-conflict,940.0,,,,
2020-11-04 21:52:58+00:00,Trump,207277,33597,6.0,Kansas,100.0,0.0,17.4,366.2,removed-margin-batch-conflict,945.0,,,,
2020-11-20 18:47:21+00:00,Trump,554172,1211,2.0,Kentucky,0.0,100.0,60.6,23341.1,removed-margin-batch-conflict,964.0,,,,
2020-11-06 21:14:54+00:00,Trump,564002,Unknown,1.0,Kentucky,100.0,0.0,70.1,,removed-margin-batch-conflict,991.0,,,,
2020-11-06 19:37:31+00:00,Trump,570583,6989,6.0,Kentucky,0.0,100.0,69.9,4205.2,removed-margin-batch-conflict,1003.0,,,,
2020-11-06 17:16:09+00:00,Trump,574326,16640,1.0,Kentucky,100.0,0.0,62.5,1806.7,removed-margin-batch-conflict,1010.0,,,,
2020-11-06 15:45:44+00:00,Trump,574355,16770,1.0,Kentucky,0.0,100.0,100.0,1793.2,removed-margin-batch-conflict,1013.0,,,,
2020-11-28 05:00:22+00:00,Trump,399742,Unknown,0.0,Louisiana,,,59.7,,removed-margin-batch-conflict,1015.0,,,,
2020-11-20 13:22:38+00:00,Trump,399742,Unknown,0.0,Louisiana,,,59.7,,removed-margin-batch-conflict,1016.0,,,,
2020-11-20 13:18:41+00:00,Trump,399742,Unknown,0.0,Louisiana,,,59.7,,removed-margin-batch-conflict,1017.0,,,,
2020-11-20 13:06:58+00:00,Trump,399742,Unknown,0.0,Louisiana,,,59.7,,removed-margin-batch-conflict,1018.0,,,,
2020-11-20 12:53:58+00:00,Trump,399742,Unknown,0.0,Louisiana,,,59.7,,removed-margin-batch-conflict,1019.0,,,,
2020-11-20 12:45:58+00:00,Trump,399742,Unknown,0.0,Louisiana,,,59.7,,removed-margin-batch-conflict,1020.0,,,,
2020-11-20 12:35:19+00:00,Trump,399742,Unknown,0.0,Louisiana,,,59.7,,removed-margin-batch-conflict,1021.0,,,,
2020-11-20 12:22:39+00:00,Trump,399742,Unknown,0.0,Louisiana,,,59.7,,removed-margin-batch-conflict,1022.0,,,,
2020-11-20 03:35:15+00:00,Trump,399742,Unknown,0.0,Louisiana,,,59.7,,removed-margin-batch-conflict,1023.0,,,,
2020-11-11 03:23:42+00:00,Trump,399742,Unknown,0.0,Louisiana,,,59.7,,removed-margin-batch-conflict,1024.0,,,,
2020-11-04 23:24:27+00:00,Trump,399885,748,1.0,Louisiana,100.0,0.0,,27239.1,removed-margin-batch-conflict,1028.0,,,,
2020-11-25 00:31:12+00:00,Biden,70638,1300,420.0,Maine,201.7,301.7,62.4,2847.6,removed-margin-batch-conflict,1034.0,,,,
2020-12-08 02:02:06+00:00,Biden,1008609,Unknown,0.0,Maryland,,,20.1,,removed-margin-batch-conflict,1122.0,,,,
2020-11-24 13:30:24+00:00,Biden,1003390,27033,0.0,Maryland,,,20.5,1953.2,removed-margin-batch-conflict,1124.0,,,,
2020-11-20 16:45:41+00:00,Biden,983371,64227,3.0,Maryland,0.0,100.0,16.3,835.1,removed-margin-batch-conflict,1128.0,,,,
2020-11-16 23:15:12+00:00,Biden,946857,117145,1.0,Maryland,0.0,100.0,18.5,464.5,removed-margin-batch-conflict,1134.0,,,,
2020-11-16 20:53:12+00:00,Biden,946858,117146,2.0,Maryland,0.0,100.0,18.5,464.5,removed-margin-batch-conflict,1135.0,,,,
2020-11-16 16:49:13+00:00,Biden,940265,129106,4.0,Maryland,0.0,100.0,16.1,423.4,removed-margin-batch-conflict,1138.0,,,,
2020-11-16 15:52:53+00:00,Biden,940279,129124,0.0,Maryland,,,16.1,423.4,removed-margin-batch-conflict,1140.0,,,,
2020-11-14 16:39:04+00:00,Biden,923432,154915,0.0,Maryland,,,20.8,355.7,removed-margin-batch-conflict,1143.0,,,,
2020-11-11 22:51:34+00:00,Biden,815402,370813,0.0,Maryland,,,23.5,162.8,removed-margin-batch-conflict,1174.0,,,,
2020-11-11 18:38:47+00:00,Biden,815402,370813,14.0,Maryland,0.0,100.0,23.5,162.8,removed-margin-batch-conflict,1175.0,,,,
2020-11-11 03:23:42+00:00,Biden,815416,370827,0.0,Maryland,,,23.5,162.8,removed-margin-batch-conflict,1176.0,,,,
2020-11-10 23:14:20+00:00,Biden,793277,410836,2.0,Maryland,0.0,100.0,20.4,149.0,removed-margin-batch-conflict,1179.0,,,,
2020-11-10 21:37:41+00:00,Biden,783641,423720,3.0,Maryland,0.0,100.0,25.9,144.8,removed-margin-batch-conflict,1181.0,,,,
2020-11-10 13:17:25+00:00,Biden,728463,539071,0.0,Maryland,,,23.1,119.3,removed-margin-batch-conflict,1184.0,,,,
2020-11-10 01:37:15+00:00,Biden,728463,539071,0.0,Maryland,,,23.1,119.3,removed-margin-batch-conflict,1185.0,,,,
2020-11-10 00:51:18+00:00,Biden,728463,539071,0.0,Maryland,,,23.1,119.3,removed-margin-batch-conflict,1186.0,,,,
2020-11-10 00:02:51+00:00,Biden,728463,539071,0.0,Maryland,,,23.1,119.3,removed-margin-batch-conflict,1187.0,,,,
2020-11-09 23:36:23+00:00,Biden,728463,539071,0.0,Maryland,,,23.1,119.3,removed-margin-batch-conflict,1188.0,,,,
2020-11-09 21:15:22+00:00,Biden,728463,539071,0.0,Maryland,,,23.1,119.3,removed-margin-batch-conflict,1189.0,,,,
2020-11-08 00:44:48+00:00,Biden,607167,871324,0.0,Maryland,,,51.2,85.7,removed-margin-batch-conflict,1193.0,,,,
2020-11-07 22:13:34+00:00,Biden,607167,871324,0.0,Maryland,,,51.2,85.7,removed-margin-batch-conflict,1194.0,,,,
2020-11-07 21:20:39+00:00,Biden,607167,871324,0.0,Maryland,,,51.2,85.7,removed-margin-batch-conflict,1195.0,,,,
2020-11-07 02:58:27+00:00,Biden,607167,871324,0.0,Maryland,,,51.2,85.7,removed-margin-batch-conflict,1196.0,,,,
2020-11-06 22:32:23+00:00,Biden,607167,871324,0.0,Maryland,,,51.2,85.7,removed-margin-batch-conflict,1197.0,,,,
2020-11-06 21:54:35+00:00,Biden,607167,871324,0.0,Maryland,,,51.2,85.7,removed-margin-batch-conflict,1198.0,,,,
2020-11-06 17:16:09+00:00,Biden,607167,871324,0.0,Maryland,,,51.2,85.7,removed-margin-batch-conflict,1199.0,,,,
2020-11-06 16:32:19+00:00,Biden,607167,871324,0.0,Maryland,,,51.2,85.7,removed-margin-batch-conflict,1200.0,,,,
2020-11-06 04:51:40+00:00,Biden,607167,871324,0.0,Maryland,,,51.2,85.7,removed-margin-batch-conflict,1201.0,,,,
2020-11-06 02:23:04+00:00,Biden,607167,871324,0.0,Maryland,,,51.2,85.7,removed-margin-batch-conflict,1202.0,,,,
2020-11-06 01:22:40+00:00,Biden,607167,871324,0.0,Maryland,,,51.2,85.7,removed-margin-batch-conflict,1203.0,,,,
2020-11-05 23:07:42+00:00,Biden,607167,871324,0.0,Maryland,,,51.2,85.7,removed-margin-batch-conflict,1204.0,,,,
2020-11-05 21:37:23+00:00,Biden,607167,871324,0.0,Maryland,,,51.2,85.7,removed-margin-batch-conflict,1205.0,,,,
2020-11-05 20:48:22+00:00,Biden,607167,871324,0.0,Maryland,,,51.2,85.7,removed-margin-batch-conflict,1206.0,,,,
2020-11-05 19:45:41+00:00,Biden,607167,871324,0.0,Maryland,,,51.2,85.7,removed-margin-batch-conflict,1207.0,,,,
2020-11-05 19:21:26+00:00,Biden,607167,871324,0.0,Maryland,,,51.2,85.7,removed-margin-batch-conflict,1208.0,,,,
2020-11-05 16:59:05+00:00,Biden,607167,871324,0.0,Maryland,,,51.2,85.7,removed-margin-batch-conflict,1209.0,,,,
2020-11-05 02:58:35+00:00,Biden,607167,871324,0.0,Maryland,,,51.2,85.7,removed-margin-batch-conflict,1210.0,,,,
2020-11-05 02:43:35+00:00,Biden,607167,871324,0.0,Maryland,,,51.2,85.7,removed-margin-batch-conflict,1211.0,,,,
2020-11-04 22:54:27+00:00,Biden,607167,871324,0.0,Maryland,,,51.2,85.7,removed-margin-batch-conflict,1212.0,,,,
2020-11-04 22:52:13+00:00,Biden,607167,871324,0.0,Maryland,,,51.2,85.7,removed-margin-batch-conflict,1213.0,,,,
2020-11-04 22:31:46+00:00,Biden,607167,871324,0.0,Maryland,,,51.2,85.7,removed-margin-batch-conflict,1214.0,,,,
2020-12-11 22:11:35+00:00,Biden,1215000,Unknown,0.0,Massachusetts,,,23.9,,removed-margin-batch-conflict,1220.0,,,,
2020-12-01 01:28:20+00:00,Biden,1215000,Unknown,0.0,Massachusetts,,,23.9,,removed-margin-batch-conflict,1221.0,,,,
2020-12-01 00:49:19+00:00,Biden,1215000,Unknown,0.0,Massachusetts,,,23.9,,removed-margin-batch-conflict,1222.0,,,,
2020-11-24 22:13:16+00:00,Biden,1215000,Unknown,0.0,Massachusetts,,,23.9,,removed-margin-batch-conflict,1223.0,,,,
2020-11-24 21:10:24+00:00,Biden,1215001,Unknown,0.0,Massachusetts,,,23.9,,removed-margin-batch-conflict,1225.0,,,,
2020-11-06 14:50:57+00:00,Biden,1123377,214751,0.0,Massachusetts,,,40.9,317.6,removed-margin-batch-conflict,1277.0,,,,
2020-11-06 08:37:14+00:00,Biden,1123362,214941,0.0,Massachusetts,,,40.9,317.4,removed-margin-batch-conflict,1279.0,,,,
2020-11-06 01:52:07+00:00,Biden,1123362,215011,0.0,Massachusetts,,,40.9,317.3,removed-margin-batch-conflict,1280.0,,,,
2020-11-06 01:26:00+00:00,Biden,1123330,215081,30.0,Massachusetts,0.0,100.0,40.9,317.2,removed-margin-batch-conflict,1282.0,,,,
2020-11-05 19:45:41+00:00,Biden,1054304,533695,0.0,Massachusetts,,,35.9,151.1,removed-margin-batch-conflict,1307.0,,,,
2020-11-04 21:29:17+00:00,Biden,914861,1029216,0.0,Massachusetts,,,38.5,95.5,removed-margin-batch-conflict,1333.0,,,,
2020-11-20 19:19:32+00:00,Biden,154187,Unknown,10.0,Michigan,0.0,100.0,34.6,,removed-margin-batch-conflict,1346.0,,,,
2020-11-20 18:53:21+00:00,Biden,154197,Unknown,502.0,Michigan,3.8,103.8,34.6,,removed-margin-batch-conflict,1347.0,,,,
2020-11-16 22:27:33+00:00,Biden,147411,6048,13.0,Michigan,100.0,0.0,48.3,1287.8,removed-margin-batch-conflict,1355.0,,,,
2020-11-14 22:11:08+00:00,Biden,147398,6062,1.0,Michigan,0.0,100.0,48.3,1284.8,removed-margin-batch-conflict,1356.0,,,,
2020-11-10 15:12:43+00:00,Biden,148645,8069,1.0,Michigan,0.0,100.0,44.2,985.5,removed-margin-batch-conflict,1360.0,,,,
2020-11-09 17:43:52+00:00,Biden,147896,8911,1.0,Michigan,0.0,100.0,40.7,892.8,removed-margin-batch-conflict,1364.0,,,,
2020-11-06 18:24:05+00:00,Biden,147897,8912,1.0,Michigan,0.0,100.0,40.7,892.8,removed-margin-batch-conflict,1365.0,,,,
2020-11-27 04:36:15+00:00,Biden,233012,87545,100.0,Minnesota,100.0,0.0,52.8,186.2,removed-margin-batch-conflict,1406.0,,,,
2020-11-25 15:47:21+00:00,Biden,233112,87445,100.0,Minnesota,100.0,0.0,52.6,186.5,removed-margin-batch-conflict,1407.0,,,,
2020-11-25 15:37:13+00:00,Biden,233012,87545,100.0,Minnesota,100.0,0.0,52.9,186.2,removed-margin-batch-conflict,1408.0,,,,
2020-11-25 15:26:13+00:00,Biden,233112,87445,3.0,Minnesota,166.7,66.7,52.8,186.5,removed-margin-batch-conflict,1409.0,,,,
2020-11-25 14:35:13+00:00,Biden,232992,90208,3.0,Minnesota,100.0,0.0,52.8,182.2,removed-margin-batch-conflict,1411.0,,,,
2020-11-12 16:34:03+00:00,Biden,233394,92228,2.0,Minnesota,0.0,100.0,52.8,179.5,removed-margin-batch-conflict,1416.0,,,,
2020-11-12 15:53:02+00:00,Biden,233396,92236,3.0,Minnesota,0.0,100.0,52.8,179.5,removed-margin-batch-conflict,1418.0,,,,
2020-11-12 15:36:23+00:00,Biden,233398,92242,3.0,Minnesota,0.0,100.0,52.8,179.5,removed-margin-batch-conflict,1420.0,,,,
2020-11-12 15:28:44+00:00,Biden,233401,92245,1.0,Minnesota,100.0,0.0,52.8,179.5,removed-margin-batch-conflict,1421.0,,,,
2020-11-11 17:07:04+00:00,Biden,233401,92251,1.0,Minnesota,100.0,0.0,52.8,179.5,removed-margin-batch-conflict,1424.0,,,,
2020-11-11 16:54:23+00:00,Biden,233400,92252,2.0,Minnesota,100.0,0.0,52.8,179.5,removed-margin-batch-conflict,1425.0,,,,
2020-11-10 21:29:41+00:00,Biden,233269,92701,1.0,Minnesota,0.0,100.0,52.6,178.8,removed-margin-batch-conflict,1439.0,,,,
2020-11-10 18:21:05+00:00,Biden,233253,92904,1.0,Minnesota,0.0,100.0,52.5,178.5,removed-margin-batch-conflict,1447.0,,,,
2020-11-10 17:54:44+00:00,Biden,233258,92914,1.0,Minnesota,0.0,100.0,52.5,178.5,removed-margin-batch-conflict,1449.0,,,,
2020-11-10 17:30:23+00:00,Biden,233261,92927,1.0,Minnesota,100.0,0.0,52.5,178.5,removed-margin-batch-conflict,1451.0,,,,
2020-11-10 16:33:27+00:00,Biden,233265,92947,1.0,Minnesota,100.0,0.0,52.5,178.5,removed-margin-batch-conflict,1455.0,,,,
2020-11-10 01:48:42+00:00,Biden,233267,92955,2.0,Minnesota,0.0,100.0,52.5,178.5,removed-margin-batch-conflict,1457.0,,,,
2020-11-09 22:05:23+00:00,Biden,233117,94185,0.0,Minnesota,50.0,50.0,52.3,176.7,removed-margin-batch-conflict,1461.0,,,,
2020-11-09 21:44:56+00:00,Biden,233117,94185,799.0,Minnesota,0.0,100.0,50.4,176.7,removed-margin-batch-conflict,1463.0,,,,
2020-11-09 21:25:59+00:00,Biden,232318,93386,3.0,Minnesota,0.0,100.0,52.3,177.3,removed-margin-batch-conflict,1464.0,,,,
2020-11-09 18:16:49+00:00,Biden,232317,93422,1.0,Minnesota,0.0,100.0,52.3,177.3,removed-margin-batch-conflict,1468.0,,,,
2020-11-09 17:59:40+00:00,Biden,232318,93423,1.0,Minnesota,100.0,0.0,52.3,177.3,removed-margin-batch-conflict,1469.0,,,,
2020-11-09 17:43:52+00:00,Biden,232317,93424,3.0,Minnesota,100.0,0.0,52.3,177.3,removed-margin-batch-conflict,1470.0,,,,
2020-11-06 22:43:08+00:00,Biden,232316,93894,3.0,Minnesota,0.0,100.0,51.9,176.7,removed-margin-batch-conflict,1482.0,,,,
2020-11-06 22:14:55+00:00,Biden,232321,93913,1.0,Minnesota,0.0,100.0,51.9,176.6,removed-margin-batch-conflict,1485.0,,,,
2020-11-06 22:03:00+00:00,Biden,232322,93914,2.0,Minnesota,0.0,100.0,51.9,176.6,removed-margin-batch-conflict,1486.0,,,,
2020-11-06 21:54:35+00:00,Biden,232324,93916,1.0,Minnesota,100.0,0.0,51.9,176.6,removed-margin-batch-conflict,1487.0,,,,
2020-11-06 21:14:54+00:00,Biden,232318,93973,4.0,Minnesota,0.0,100.0,51.9,176.5,removed-margin-batch-conflict,1490.0,,,,
2020-11-06 18:24:05+00:00,Biden,232687,94792,3.0,Minnesota,33.3,133.3,50.6,175.7,removed-margin-batch-conflict,1500.0,,,,
2020-11-06 17:21:32+00:00,Biden,232694,94929,1.0,Minnesota,0.0,100.0,50.6,175.5,removed-margin-batch-conflict,1503.0,,,,
2020-11-06 17:16:09+00:00,Biden,232695,94930,8.0,Minnesota,0.0,100.0,50.6,175.5,removed-margin-batch-conflict,1504.0,,,,
2020-11-06 01:04:29+00:00,Biden,232172,102169,1.0,Minnesota,0.0,100.0,46.8,166.3,removed-margin-batch-conflict,1507.0,,,,
2020-11-05 18:24:54+00:00,Biden,232002,107201,7.0,Minnesota,0.0,100.0,47.2,160.8,removed-margin-batch-conflict,1525.0,,,,
2020-11-04 23:01:02+00:00,Biden,230187,137546,2.0,Minnesota,100.0,0.0,49.7,135.7,removed-margin-batch-conflict,1550.0,,,,
2020-11-04 22:44:27+00:00,Biden,230185,137556,2.0,Minnesota,100.0,0.0,49.7,135.7,removed-margin-batch-conflict,1552.0,,,,
2020-11-17 17:19:42+00:00,Trump,236417,67053,32.0,Mississippi,40.6,59.4,54.9,228.9,removed-margin-batch-conflict,1591.0,,,,
2020-11-16 14:17:52+00:00,Trump,239826,87164,1.0,Mississippi,0.0,100.0,46.4,189.6,removed-margin-batch-conflict,1597.0,,,,
2020-11-09 22:23:05+00:00,Trump,468997,18828,1.0,Missouri,100.0,0.0,,1318.2,removed-margin-batch-conflict,1647.0,,,,
2020-11-09 19:14:19+00:00,Trump,468998,18827,1.0,Missouri,100.0,0.0,,1318.3,removed-margin-batch-conflict,1648.0,,,,
2020-11-06 20:25:45+00:00,Trump,468997,18829,1.0,Missouri,100.0,0.0,,1318.1,removed-margin-batch-conflict,1649.0,,,,
2020-11-11 22:51:34+00:00,Trump,98049,3781,0.0,Montana,,,34.3,1384.9,removed-margin-batch-conflict,1654.0,,,,
2020-11-11 03:23:42+00:00,Trump,98049,3785,0.0,Montana,,,34.3,1383.5,removed-margin-batch-conflict,1656.0,,,,
2020-11-09 00:49:30+00:00,Trump,182301,12061,2.0,Nebraska,50.0,50.0,,826.0,removed-margin-batch-conflict,1678.0,,,,
2020-11-07 00:47:07+00:00,Trump,241775,12063,11973.0,Nebraska,299.2,199.2,,1079.0,removed-margin-batch-conflict,1679.0,,,,
2021-01-06 01:11:54+00:00,Biden,33596,Unknown,0.0,Nevada,,,51.1,,removed-margin-batch-conflict,1682.0,,,,
2021-01-05 23:08:20+00:00,Biden,33596,Unknown,0.0,Nevada,,,51.1,,removed-margin-batch-conflict,1683.0,,,,
2021-01-05 21:22:35+00:00,Biden,33596,Unknown,0.0,Nevada,,,51.1,,removed-margin-batch-conflict,1684.0,,,,
2021-01-05 17:55:50+00:00,Biden,33596,Unknown,0.0,Nevada,,,51.1,,removed-margin-batch-conflict,1685.0,,,,
2020-12-31 01:36:36+00:00,Biden,33596,Unknown,0.0,Nevada,,,51.1,,removed-margin-batch-conflict,1686.0,,,,
2020-12-08 20:01:43+00:00,Biden,33596,Unknown,0.0,Nevada,,,51.1,,removed-margin-batch-conflict,1687.0,,,,
2020-12-05 23:17:06+00:00,Biden,33596,Unknown,0.0,Nevada,,,51.1,,removed-margin-batch-conflict,1688.0,,,,
2020-11-27 21:34:16+00:00,Biden,33596,Unknown,0.0,Nevada,,,51.1,,removed-margin-batch-conflict,1689.0,,,,
2020-11-14 16:39:04+00:00,Biden,33999,846,0.0,Nevada,,,50.5,2106.2,removed-margin-batch-conflict,1691.0,,,,
2020-11-11 03:23:42+00:00,Biden,36726,68969,0.0,Nevada,,,38.3,77.2,removed-margin-batch-conflict,1703.0,,,,
2020-11-05 18:24:54+00:00,Biden,11438,183045,0.0,Nevada,,,43.3,53.2,removed-margin-batch-conflict,1720.0,,,,
2020-11-05 17:12:52+00:00,Biden,12042,198176,0.0,Nevada,,,34.1,53.1,removed-margin-batch-conflict,1725.0,,,,
2020-11-06 23:07:08+00:00,Biden,57025,3017,30.0,New Hampshire,100.0,0.0,49.4,1011.6,removed-margin-batch-conflict,1734.0,,,,
2020-11-06 21:30:56+00:00,Biden,56995,3047,30.0,New Hampshire,100.0,0.0,49.4,1001.7,removed-margin-batch-conflict,1735.0,,,,
2020-11-06 21:06:01+00:00,Biden,56955,3136,5.0,New Hampshire,0.0,100.0,49.5,974.0,removed-margin-batch-conflict,1737.0,,,,
2020-11-06 20:58:52+00:00,Biden,56960,3141,90.0,New Hampshire,100.0,0.0,49.5,972.6,removed-margin-batch-conflict,1738.0,,,,
2020-11-06 00:55:18+00:00,Biden,56873,7200,90.0,New Hampshire,100.0,0.0,51.1,451.9,removed-margin-batch-conflict,1740.0,,,,
2020-12-07 23:47:03+00:00,Biden,725061,Unknown,0.0,New Jersey,,,47.5,,removed-margin-batch-conflict,1790.0,,,,
2020-11-24 13:22:21+00:00,Biden,724877,Unknown,0.0,New Jersey,,,47.9,,removed-margin-batch-conflict,1794.0,,,,
2020-11-16 15:52:53+00:00,Biden,658975,334513,0.0,New Jersey,,,46.5,150.1,removed-margin-batch-conflict,1831.0,,,,
2020-11-14 16:39:04+00:00,Biden,656367,376566,0.0,New Jersey,,,44.5,138.6,removed-margin-batch-conflict,1834.0,,,,
2020-11-11 22:51:34+00:00,Biden,657972,531227,0.0,New Jersey,,,30.2,112.9,removed-margin-batch-conflict,1852.0,,,,
2020-11-11 03:23:42+00:00,Biden,648786,638197,0.0,New Jersey,,,47.6,101.7,removed-margin-batch-conflict,1862.0,,,,
2020-11-07 14:16:30+00:00,Biden,647409,1052029,0.0,New Jersey,,,51.2,81.3,removed-margin-batch-conflict,1890.0,,,,
2020-11-07 13:48:05+00:00,Biden,648535,1069529,0.0,New Jersey,,,42.6,80.8,removed-margin-batch-conflict,1892.0,,,,
2020-11-06 18:34:23+00:00,Biden,651618,1248827,0.0,New Jersey,,,66.8,76.5,removed-margin-batch-conflict,1906.0,,,,
2020-11-17 02:06:33+00:00,Biden,99645,250,2.0,New Mexico,100.0,0.0,22.2,20430.2,removed-margin-batch-conflict,1941.0,,,,
2020-11-20 18:29:42+00:00,Biden,1038336,1575540,348.0,New York,0.0,100.0,29.0,83.4,removed-margin-batch-conflict,1980.0,,,,
2020-11-17 20:16:59+00:00,Trump,74096,1313,1.0,North Carolina,100.0,0.0,45.8,2914.0,removed-margin-batch-conflict,2031.0,,,,
2020-11-09 23:36:23+00:00,Trump,120606,194,3.0,North Dakota,100.0,0.0,37.3,32138.1,removed-margin-batch-conflict,2090.0,,,,
2020-11-09 23:25:20+00:00,Trump,120581,252,1.0,North Dakota,100.0,0.0,38.0,24747.6,removed-margin-batch-conflict,2092.0,,,,
2020-11-09 23:16:41+00:00,Trump,120580,253,1.0,North Dakota,100.0,0.0,38.0,24649.8,removed-margin-batch-conflict,2093.0,,,,
2020-11-09 19:51:28+00:00,Trump,120391,463,9.0,North Dakota,100.0,0.0,26.4,13471.2,removed-margin-batch-conflict,2106.0,,,,
2020-11-09 18:56:33+00:00,Trump,120364,521,2.0,North Dakota,100.0,0.0,26.4,11974.4,removed-margin-batch-conflict,2110.0,,,,
2020-11-09 17:59:40+00:00,Trump,120360,531,3.0,North Dakota,100.0,0.0,26.2,11749.4,removed-margin-batch-conflict,2113.0,,,,
2020-11-09 16:53:08+00:00,Trump,120285,528,3.0,North Dakota,100.0,0.0,8.3,11808.6,removed-margin-batch-conflict,2118.0,,,,
2020-11-27 22:28:15+00:00,Trump,475669,Unknown,100.0,Ohio,100.0,0.0,35.3,,removed-margin-batch-conflict,2121.0,,,,
2020-11-11 23:14:54+00:00,Trump,516390,Unknown,0.0,Oklahoma,,,29.9,,removed-margin-batch-conflict,2161.0,,,,
2020-11-11 22:59:35+00:00,Trump,516390,Unknown,0.0,Oklahoma,,,29.9,,removed-margin-batch-conflict,2162.0,,,,
2020-11-11 03:23:42+00:00,Trump,516390,Unknown,0.0,Oklahoma,,,29.9,,removed-margin-batch-conflict,2163.0,,,,
2020-12-02 15:22:19+00:00,Biden,381880,3142,1.0,Oregon,0.0,100.0,52.2,6326.6,removed-margin-batch-conflict,2167.0,,,,
2020-12-02 12:21:27+00:00,Biden,81636,1072,2.0,Pennsylvania,0.0,100.0,50.1,3906.1,removed-margin-batch-conflict,2204.0,,,,
2020-12-02 00:43:30+00:00,Biden,81638,1074,2.0,Pennsylvania,100.0,0.0,50.1,3899.0,removed-margin-batch-conflict,2205.0,,,,
2020-11-23 22:27:16+00:00,Biden,80458,5701,1.0,Pennsylvania,0.0,100.0,48.1,764.6,removed-margin-batch-conflict,2216.0,,,,
2020-11-23 21:17:16+00:00,Biden,80459,5702,670.0,Pennsylvania,0.0,100.0,48.1,764.5,removed-margin-batch-conflict,2217.0,,,,
2020-11-23 20:33:25+00:00,Biden,81129,6378,450.0,Pennsylvania,100.0,0.0,46.2,694.1,removed-margin-batch-conflict,2218.0,,,,
2020-11-23 15:55:16+00:00,Biden,80851,7600,2.0,Pennsylvania,0.0,100.0,45.2,588.7,removed-margin-batch-conflict,2223.0,,,,
2020-11-20 21:26:13+00:00,Biden,81825,10994,1.0,Pennsylvania,100.0,0.0,39.3,426.9,removed-margin-batch-conflict,2233.0,,,,
2020-11-19 22:21:01+00:00,Biden,82205,13230,1.0,Pennsylvania,0.0,100.0,36.0,364.6,removed-margin-batch-conflict,2240.0,,,,
2020-11-19 21:44:02+00:00,Biden,82217,13264,8.0,Pennsylvania,100.0,0.0,35.9,363.9,removed-margin-batch-conflict,2242.0,,,,
2020-11-19 15:37:10+00:00,Biden,82893,15622,2.0,Pennsylvania,0.0,100.0,34.7,318.7,removed-margin-batch-conflict,2251.0,,,,
2020-11-18 14:33:09+00:00,Biden,82092,31637,1.0,Pennsylvania,0.0,100.0,26.8,181.4,removed-margin-batch-conflict,2257.0,,,,
2020-11-13 19:13:58+00:00,Biden,58988,95071,1.0,Pennsylvania,0.0,100.0,39.4,81.4,removed-margin-batch-conflict,2287.0,,,,
2020-11-10 20:49:20+00:00,Biden,47240,147123,6.0,Pennsylvania,0.0,100.0,33.7,66.3,removed-margin-batch-conflict,2330.0,,,,
2020-11-09 15:57:34+00:00,Biden,45670,160061,3.0,Pennsylvania,0.0,100.0,25.4,64.4,removed-margin-batch-conflict,2354.0,,,,
2020-11-06 21:30:56+00:00,Biden,14731,223817,7.0,Pennsylvania,100.0,0.0,35.1,53.3,removed-margin-batch-conflict,2380.0,,,,
2020-11-04 20:48:16+00:00,Trump,356423,1009803,23277.0,Pennsylvania,0.0,100.0,95.5,67.9,removed-margin-batch-conflict,2486.0,,,,
2020-12-11 16:26:38+00:00,Biden,107564,Unknown,0.0,Rhode Island,,,31.4,,removed-margin-batch-conflict,2523.0,,,,
2020-11-25 04:39:14+00:00,Biden,106373,4130,0.0,Rhode Island,,,32.7,1364.1,removed-margin-batch-conflict,2525.0,,,,
2020-11-11 22:51:34+00:00,Biden,106303,4254,0.0,Rhode Island,,,32.8,1324.9,removed-margin-batch-conflict,2528.0,,,,
2020-11-11 03:23:42+00:00,Biden,106303,4254,0.0,Rhode Island,,,32.8,1324.9,removed-margin-batch-conflict,2529.0,,,,
2020-11-06 21:39:06+00:00,Trump,291975,3202,3.0,South Carolina,100.0,0.0,52.6,4676.8,removed-margin-batch-conflict,2544.0,,,,
2020-11-06 15:27:32+00:00,Trump,290824,9964,2.0,South Carolina,0.0,100.0,55.7,1531.0,removed-margin-batch-conflict,2568.0,,,,
2020-11-06 15:17:54+00:00,Trump,290826,9966,1.0,South Carolina,100.0,0.0,55.7,1530.7,removed-margin-batch-conflict,2569.0,,,,
2020-11-05 22:45:37+00:00,Trump,290825,9967,2.0,South Carolina,100.0,0.0,55.7,1530.5,removed-margin-batch-conflict,2570.0,,,,
2020-11-10 14:35:19+00:00,Trump,110632,98,1.0,South Dakota,100.0,0.0,57.4,58016.7,removed-margin-batch-conflict,2596.0,,,,
2020-11-06 21:22:20+00:00,Trump,110633,97,1.0,South Dakota,0.0,100.0,57.4,58614.9,removed-margin-batch-conflict,2597.0,,,,
2020-11-06 21:14:54+00:00,Trump,110634,98,4.0,South Dakota,0.0,100.0,57.4,58017.8,removed-margin-batch-conflict,2598.0,,,,
2020-11-05 19:29:35+00:00,Trump,110641,107,1.0,South Dakota,100.0,0.0,57.4,53145.3,removed-margin-batch-conflict,2600.0,,,,
2020-11-05 17:52:38+00:00,Trump,110640,110,3.0,South Dakota,100.0,0.0,57.4,51696.8,removed-margin-batch-conflict,2602.0,,,,
2020-11-05 17:41:08+00:00,Trump,110637,113,1.0,South Dakota,0.0,100.0,57.4,50324.3,removed-margin-batch-conflict,2603.0,,,,
2020-11-05 16:56:46+00:00,Trump,110638,114,1.0,South Dakota,100.0,0.0,57.4,49883.8,removed-margin-batch-conflict,2604.0,,,,
2020-11-05 15:46:20+00:00,Trump,110637,115,1.0,South Dakota,100.0,0.0,57.4,49450.0,removed-margin-batch-conflict,2605.0,,,,
2020-11-05 15:36:35+00:00,Trump,110636,116,2.0,South Dakota,100.0,0.0,57.4,49023.7,removed-margin-batch-conflict,2606.0,,,,
2020-11-05 15:31:50+00:00,Trump,110634,118,1.0,South Dakota,100.0,0.0,57.4,48192.7,removed-margin-batch-conflict,2607.0,,,,
2020-11-05 15:02:13+00:00,Trump,110630,126,3.0,South Dakota,18266.7,18166.7,57.4,45134.4,removed-margin-batch-conflict,2609.0,,,,
2020-11-04 23:14:43+00:00,Trump,116944,41122,1.0,South Dakota,100.0,0.0,43.9,196.0,removed-margin-batch-conflict,2613.0,,,,
2020-11-04 22:01:03+00:00,Trump,116943,41123,2.0,South Dakota,100.0,0.0,45.0,196.0,removed-margin-batch-conflict,2614.0,,,,
2020-11-04 21:52:58+00:00,Trump,116941,41125,1.0,South Dakota,100.0,0.0,47.4,196.0,removed-margin-batch-conflict,2615.0,,,,
2020-11-04 21:50:52+00:00,Trump,116940,41127,1.0,South Dakota,100.0,0.0,48.6,196.0,removed-margin-batch-conflict,2616.0,,,,
2020-11-04 21:37:45+00:00,Trump,116939,41128,1.0,South Dakota,0.0,100.0,50.0,196.0,removed-margin-batch-conflict,2617.0,,,,
2020-11-04 20:48:16+00:00,Trump,116937,41136,1.0,South Dakota,100.0,0.0,53.6,196.0,removed-margin-batch-conflict,2619.0,,,,
2020-11-04 18:15:15+00:00,Trump,116937,41142,3.0,South Dakota,0.0,100.0,54.5,195.9,removed-margin-batch-conflict,2621.0,,,,
2020-11-04 17:57:21+00:00,Trump,116940,41145,1.0,South Dakota,0.0,100.0,47.4,195.9,removed-margin-batch-conflict,2622.0,,,,
2020-11-04 16:25:01+00:00,Trump,116941,41148,2.0,South Dakota,0.0,100.0,43.8,195.9,removed-margin-batch-conflict,2624.0,,,,
2020-11-04 15:52:05+00:00,Trump,116943,41156,1.0,South Dakota,100.0,0.0,25.0,195.9,removed-margin-batch-conflict,2628.0,,,,
2020-11-04 15:41:34+00:00,Trump,116942,41157,1.0,South Dakota,0.0,100.0,28.6,195.9,removed-margin-batch-conflict,2629.0,,,,
2020-11-04 15:31:44+00:00,Trump,116943,41158,1.0,South Dakota,100.0,0.0,16.7,195.9,removed-margin-batch-conflict,2630.0,,,,
2020-11-04 15:17:08+00:00,Trump,116942,41161,3.0,South Dakota,100.0,0.0,,195.9,removed-margin-batch-conflict,2632.0,,,,
2020-11-11 22:51:34+00:00,Trump,710444,4337,0.0,Tennessee,,,29.3,8398.1,removed-margin-batch-conflict,2638.0,,,,
2020-11-27 15:26:14+00:00,Trump,631221,3892,198.0,Texas,101.5,1.5,54.4,8281.7,removed-margin-batch-conflict,2641.0,,,,
2020-11-27 14:26:15+00:00,Trump,630808,Unknown,32.0,Texas,159.4,59.4,55.1,,removed-margin-batch-conflict,2645.0,,,,
2020-11-10 01:56:52+00:00,Trump,647438,66978,1207.0,Texas,43.2,56.8,50.1,540.6,removed-margin-batch-conflict,2664.0,,,,
2020-11-06 21:14:54+00:00,Trump,658504,51679,2.0,Texas,100.0,0.0,51.0,696.7,removed-margin-batch-conflict,2671.0,,,,
2020-11-06 20:30:39+00:00,Trump,658506,51677,3787.0,Texas,100.0,0.0,51.0,696.8,removed-margin-batch-conflict,2672.0,,,,
2020-11-24 21:34:17+00:00,Trump,304858,Unknown,0.0,Utah,,,31.1,,removed-margin-batch-conflict,2689.0,,,,
2020-11-24 21:21:16+00:00,Trump,304858,Unknown,0.0,Utah,,,31.1,,removed-margin-batch-conflict,2690.0,,,,
2020-11-24 21:10:24+00:00,Trump,304858,Unknown,0.0,Utah,,,31.1,,removed-margin-batch-conflict,2691.0,,,,
2020-11-24 12:48:17+00:00,Trump,304858,Unknown,0.0,Utah,,,31.1,,removed-margin-batch-conflict,2692.0,,,,
2020-11-14 00:30:24+00:00,Trump,292187,39184,0.0,Utah,,,48.2,439.3,removed-margin-batch-conflict,2708.0,,,,
2020-11-13 23:11:42+00:00,Trump,292187,39184,0.0,Utah,,,48.2,439.3,removed-margin-batch-conflict,2709.0,,,,
2020-11-13 22:14:24+00:00,Trump,292187,39184,0.0,Utah,,,48.2,439.3,removed-margin-batch-conflict,2710.0,,,,
2020-11-13 00:09:26+00:00,Trump,290905,43228,0.0,Utah,,,50.4,401.3,removed-margin-batch-conflict,2712.0,,,,
2020-11-12 23:13:22+00:00,Trump,290905,43228,0.0,Utah,,,50.4,401.3,removed-margin-batch-conflict,2713.0,,,,
2020-11-11 22:51:34+00:00,Trump,291177,83925,0.0,Utah,,,46.4,231.1,removed-margin-batch-conflict,2716.0,,,,
2020-11-11 03:23:42+00:00,Trump,291177,83925,0.0,Utah,,,46.4,231.1,removed-margin-batch-conflict,2717.0,,,,
2020-11-10 00:02:51+00:00,Trump,274613,173909,0.0,Utah,,,38.0,132.4,removed-margin-batch-conflict,2721.0,,,,
2020-11-09 22:54:03+00:00,Trump,274613,173909,0.0,Utah,,,38.0,132.4,removed-margin-batch-conflict,2722.0,,,,
2020-11-09 14:44:06+00:00,Trump,270118,183902,0.0,Utah,,,43.4,126.7,removed-margin-batch-conflict,2726.0,,,,
2020-11-07 22:51:49+00:00,Trump,256547,293832,0.0,Utah,,,23.4,95.6,removed-margin-batch-conflict,2728.0,,,,
2020-11-07 19:46:05+00:00,Trump,256547,293832,0.0,Utah,,,23.4,95.6,removed-margin-batch-conflict,2729.0,,,,
2020-11-07 02:20:08+00:00,Trump,256547,293832,0.0,Utah,,,23.4,95.6,removed-margin-batch-conflict,2730.0,,,,
2020-11-07 00:06:00+00:00,Trump,256547,293832,0.0,Utah,,,23.4,95.6,removed-margin-batch-conflict,2731.0,,,,
2020-11-06 23:07:08+00:00,Trump,256547,293832,0.0,Utah,,,23.4,95.6,removed-margin-batch-conflict,2732.0,,,,
2020-11-05 23:25:57+00:00,Trump,219134,405164,0.0,Utah,,,33.4,78.2,removed-margin-batch-conflict,2736.0,,,,
2020-11-05 22:15:13+00:00,Trump,219134,405164,0.0,Utah,,,33.4,78.2,removed-margin-batch-conflict,2737.0,,,,
2020-11-05 22:01:29+00:00,Trump,219134,405164,0.0,Utah,,,33.4,78.2,removed-margin-batch-conflict,2738.0,,,,
2020-11-04 23:14:43+00:00,Trump,219134,405164,0.0,Utah,,,33.4,78.2,removed-margin-batch-conflict,2739.0,,,,
2020-11-16 22:18:52+00:00,Biden,130116,Unknown,0.0,Vermont,,,12.0,,removed-margin-batch-conflict,2743.0,,,,
2020-11-16 21:57:32+00:00,Biden,130116,Unknown,0.0,Vermont,,,12.0,,removed-margin-batch-conflict,2744.0,,,,
2020-11-16 21:49:13+00:00,Biden,130116,Unknown,0.0,Vermont,,,12.0,,removed-margin-batch-conflict,2745.0,,,,
2020-11-16 21:33:12+00:00,Biden,130116,Unknown,0.0,Vermont,,,12.0,,removed-margin-batch-conflict,2746.0,,,,
2020-11-16 21:24:13+00:00,Biden,130116,Unknown,0.0,Vermont,,,12.0,,removed-margin-batch-conflict,2747.0,,,,
2020-11-16 21:13:53+00:00,Biden,130116,Unknown,0.0,Vermont,,,12.0,,removed-margin-batch-conflict,2748.0,,,,
2020-11-16 21:01:32+00:00,Biden,130116,Unknown,0.0,Vermont,,,12.0,,removed-margin-batch-conflict,2749.0,,,,
2020-11-16 16:49:13+00:00,Biden,130116,Unknown,92.0,Vermont,22.8,122.8,12.0,,removed-margin-batch-conflict,2750.0,,,,
2020-11-16 16:33:11+00:00,Biden,130250,Unknown,0.0,Vermont,,,11.5,,removed-margin-batch-conflict,2751.0,,,,
2020-11-11 17:40:44+00:00,Biden,130056,Unknown,0.0,Vermont,,,11.1,,removed-margin-batch-conflict,2754.0,,,,
2020-11-06 03:45:43+00:00,Biden,116100,17250,1.0,Vermont,100.0,0.0,49.1,397.8,removed-margin-batch-conflict,2756.0,,,,
2020-11-05 22:35:05+00:00,Biden,116099,17252,0.0,Vermont,,,49.1,397.7,removed-margin-batch-conflict,2757.0,,,,
2020-11-05 20:55:45+00:00,Biden,116099,17261,1.0,Vermont,0.0,100.0,49.1,397.6,removed-margin-batch-conflict,2758.0,,,,
2020-11-05 00:55:32+00:00,Biden,116100,17337,0.0,Vermont,,,49.1,396.0,removed-margin-batch-conflict,2759.0,,,,
2020-11-04 22:27:15+00:00,Biden,116100,17350,0.0,Vermont,,,49.1,395.8,removed-margin-batch-conflict,2760.0,,,,
2020-11-04 21:52:58+00:00,Biden,116100,17372,2.0,Vermont,100.0,0.0,49.1,395.3,removed-margin-batch-conflict,2761.0,,,,
2020-11-04 19:33:35+00:00,Biden,116098,17389,1.0,Vermont,100.0,0.0,49.2,395.0,removed-margin-batch-conflict,2762.0,,,,
2020-11-04 19:28:48+00:00,Biden,116097,17390,11.0,Vermont,100.0,0.0,49.2,395.0,removed-margin-batch-conflict,2763.0,,,,
2020-11-04 17:41:18+00:00,Biden,116120,17970,0.0,Vermont,,,47.1,383.9,removed-margin-batch-conflict,2765.0,,,,
2020-11-04 17:16:47+00:00,Biden,116120,17972,0.0,Vermont,,,47.1,383.9,removed-margin-batch-conflict,2766.0,,,,
2020-11-04 17:04:21+00:00,Biden,116120,17977,0.0,Vermont,,,47.1,383.8,removed-margin-batch-conflict,2767.0,,,,
2020-11-19 14:53:11+00:00,Biden,450942,17460,460.0,Virginia,100.0,0.0,25.5,1366.3,removed-margin-batch-conflict,2776.0,,,,
2020-11-18 13:33:49+00:00,Biden,451402,17247,775.0,Virginia,86.7,13.3,25.1,1383.9,removed-margin-batch-conflict,2777.0,,,,
2020-11-15 16:36:09+00:00,Biden,450625,31150,6.0,Virginia,183.3,83.3,25.4,787.3,removed-margin-batch-conflict,2778.0,,,,
2020-11-12 23:37:04+00:00,Biden,450609,31156,20.0,Virginia,5.0,105.0,25.4,787.1,removed-margin-batch-conflict,2779.0,,,,
2020-11-10 14:07:20+00:00,Biden,435411,34280,1.0,Virginia,0.0,100.0,33.8,697.3,removed-margin-batch-conflict,2798.0,,,,
2020-11-09 22:05:23+00:00,Biden,434345,38536,17.0,Virginia,0.0,100.0,37.5,624.4,removed-margin-batch-conflict,2804.0,,,,
2020-11-08 20:31:12+00:00,Biden,429730,52426,2.0,Virginia,0.0,100.0,37.1,467.8,removed-margin-batch-conflict,2820.0,,,,
2020-11-06 14:16:48+00:00,Biden,411725,87720,3.0,Virginia,100.0,0.0,37.5,289.2,removed-margin-batch-conflict,2844.0,,,,
2020-11-06 04:10:39+00:00,Biden,411722,87723,8.0,Virginia,100.0,0.0,37.5,289.2,removed-margin-batch-conflict,2845.0,,,,
2020-12-08 16:27:04+00:00,Biden,784961,1,0.0,Washington,,,49.1,40571844.5,removed-margin-batch-conflict,2862.0,,,,
2020-11-24 19:10:16+00:00,Biden,784628,31391,1.0,Washington,0.0,100.0,49.0,1341.9,removed-margin-batch-conflict,2879.0,,,,
2020-11-14 16:39:04+00:00,Biden,784239,53858,0.0,Washington,,,53.9,802.6,removed-margin-batch-conflict,2919.0,,,,
2020-11-11 22:51:34+00:00,Biden,786454,86953,0.0,Washington,,,47.4,517.5,removed-margin-batch-conflict,2939.0,,,,
2020-11-11 03:23:42+00:00,Biden,786454,86953,0.0,Washington,,,47.4,517.5,removed-margin-batch-conflict,2940.0,,,,
2020-11-17 16:22:02+00:00,Biden,20570,7,2.0,Wisconsin,100.0,0.0,64.5,149545.3,removed-margin-batch-conflict,3032.0,,,,
2020-11-16 19:38:52+00:00,Biden,20547,155,1.0,Wisconsin,100.0,0.0,67.5,6793.9,removed-margin-batch-conflict,3036.0,,,,
2020-11-16 19:31:33+00:00,Biden,20546,202,1.0,Wisconsin,0.0,100.0,67.6,5224.5,removed-margin-batch-conflict,3037.0,,,,
2020-11-12 01:43:41+00:00,Biden,20537,135,2.0,Wisconsin,0.0,100.0,70.0,7789.2,removed-margin-batch-conflict,3042.0,,,,
2020-11-06 23:07:08+00:00,Biden,20539,Unknown,2.0,Wisconsin,100.0,0.0,59.8,,removed-margin-batch-conflict,3047.0,,,,
2020-11-11 22:19:53+00:00,Trump,120068,Unknown,0.0,Wyoming,,,15.4,,removed-margin-batch-conflict,3055.0,,,,
2020-11-11 21:14:13+00:00,Trump,120068,Unknown,0.0,Wyoming,,,15.4,,removed-margin-batch-conflict,3056.0,,,,
